Run info,Date,Time,Instance,Best obj,Optimal obj,Found optimal,CPU time,Wall time,Stopped after,Total iterations,Population size,Splits,Split factor,Pre-processed?,Heuristic?,MIP solve time,Swaps,Initial jumps,Dead jumps,Jump frequency,Initial obj,Problem size,Num groups,AND(NOT($G2="*")NOT(ISBLANK($F2)))

 
 **************** STARTING RUN 1 **************** 
          Mon 16 Dec 15:46:41 AEDT 2019
 ************************************************ 

###### TESTSET: B ######

,2019-12-16,15:46:41,b01,82,82,*,0,0.020269,0,1,50,0,1,1,1,1,10,1,0,0,82,57,20
,2019-12-16,15:46:41,b01,82,82,*,0,0.025972,0,1,100,0,1,1,1,1,10,1,0,0,82,57,24
,2019-12-16,15:46:41,b01,82,82,*,1,0.12015,0,1,500,0,1,1,1,1,10,1,0,0,82,57,27
,2019-12-16,15:46:41,b01,82,82,*,0,0.240154,0,1,1000,0,1,1,1,1,10,1,0,0,82,57,26
,2019-12-16,15:46:41,b01,82,82,*,2,2.36893,0,1,10000,0,1,1,1,1,10,1,0,0,82,57,27
,2019-12-16,15:46:41,b01,82,82,*,0,0.013906,0,1,50,0,1,1,1,1,10,1,0,0,82,57,21
,2019-12-16,15:46:41,b01,82,82,*,0,0.025307,0,1,100,0,1,1,1,1,10,1,0,0,82,57,21
,2019-12-16,15:46:41,b01,82,82,*,0,0.118939,0,1,500,0,1,1,1,1,10,1,0,0,82,57,26
,2019-12-16,15:46:41,b01,82,82,*,1,0.238251,0,1,1000,0,1,1,1,1,10,1,0,0,82,57,26
,2019-12-16,15:46:41,b01,82,82,*,2,2.37313,0,1,10000,0,1,1,1,1,10,1,0,0,82,57,27
,2019-12-16,15:46:41,b01,82,82,*,0,0.020831,0,1,50,0,1,1,1,1,10,1,0,0,82,57,20
,2019-12-16,15:46:41,b01,82,82,*,0,0.032339,0,1,100,0,1,1,1,1,10,1,0,0,82,57,23
,2019-12-16,15:46:41,b01,82,82,*,0,0.118961,0,1,500,0,1,1,1,1,10,1,0,0,82,57,26
,2019-12-16,15:46:41,b01,82,82,*,0,0.236982,0,1,1000,0,1,1,1,1,10,1,0,0,82,57,27
,2019-12-16,15:46:41,b01,82,82,*,3,2.35752,0,1,10000,0,1,1,1,1,10,1,0,0,82,57,27
,2019-12-16,15:46:41,b01,82,82,*,0,0.014123,0,1,50,0,1,1,1,1,10,1,0,0,82,57,22
,2019-12-16,15:46:41,b01,82,82,*,0,0.025465,0,1,100,0,1,1,1,1,10,1,0,0,82,57,25
,2019-12-16,15:46:41,b01,82,82,*,0,0.122761,0,1,500,0,1,1,1,1,10,1,0,0,82,57,25
,2019-12-16,15:46:41,b01,82,82,*,0,0.244134,0,1,1000,0,1,1,1,1,10,1,0,0,82,57,26
,2019-12-16,15:46:41,b01,82,82,*,3,2.3648,0,1,10000,0,1,1,1,1,10,1,0,0,82,57,27
,2019-12-16,15:46:41,b01,82,82,*,0,0.013652,0,1,50,0,1,1,1,1,10,1,0,0,82,57,19
,2019-12-16,15:46:41,b01,82,82,*,0,0.036003,0,1,100,0,1,1,1,1,10,1,0,0,82,57,22
,2019-12-16,15:46:41,b01,82,82,*,0,0.121446,0,1,500,0,1,1,1,1,10,1,0,0,82,57,26
,2019-12-16,15:46:41,b01,82,82,*,0,0.238517,0,1,1000,0,1,1,1,1,10,1,0,0,82,57,26
,2019-12-16,15:46:41,b01,82,82,*,2,2.37156,0,1,10000,0,1,1,1,1,10,1,0,0,82,57,27
,2019-12-16,15:46:55,b02,83,83,*,0,0.022184,0,1,50,0,1,1,1,1,10,1,0,0,90,75,23
,2019-12-16,15:46:55,b02,83,83,*,0,0.049851,0,1,100,0,1,1,1,1,10,1,0,0,90,75,23
,2019-12-16,15:46:55,b02,83,83,*,1,0.227242,0,1,500,0,1,1,1,1,10,1,0,0,90,75,23
,2019-12-16,15:46:55,b02,83,83,*,0,0.343354,0,1,1000,0,1,1,1,1,10,1,0,0,90,75,24
,2019-12-16,15:46:55,b02,83,83,*,4,3.44227,0,1,10000,0,1,1,1,1,10,1,0,0,90,75,25
,2019-12-16,15:46:55,b02,83,83,*,0,0.019008,0,1,50,0,1,1,1,1,10,1,0,0,90,75,23
,2019-12-16,15:46:55,b02,83,83,*,0,0.039473,0,1,100,0,1,1,1,1,10,1,0,0,90,75,22
,2019-12-16,15:46:55,b02,83,83,*,0,0.175821,0,1,500,0,1,1,1,1,10,1,0,0,90,75,23
,2019-12-16,15:46:55,b02,83,83,*,0,0.359889,0,1,1000,0,1,1,1,1,10,1,0,0,90,75,24
,2019-12-16,15:46:55,b02,83,83,*,4,4.27773,0,1,10000,0,1,1,1,1,10,1,0,0,90,75,25
,2019-12-16,15:46:55,b02,83,83,*,0,0.023497,0,1,50,0,1,1,1,1,10,1,0,0,90,75,21
,2019-12-16,15:46:55,b02,83,83,*,1,0.045125,0,1,100,0,1,1,1,1,10,1,0,0,90,75,22
,2019-12-16,15:46:55,b02,83,83,*,0,0.221631,0,1,500,0,1,1,1,1,10,1,0,0,90,75,24
,2019-12-16,15:46:55,b02,83,83,*,0,0.378828,0,1,1000,0,1,1,1,1,10,1,0,0,90,75,24
,2019-12-16,15:46:55,b02,83,83,*,4,3.68547,0,1,10000,0,1,1,1,1,10,1,0,0,90,75,25
,2019-12-16,15:46:55,b02,83,83,*,0,0.017765,0,1,50,0,1,1,1,1,10,1,0,0,90,75,21
,2019-12-16,15:46:55,b02,83,83,*,0,0.045213,0,1,100,0,1,1,1,1,10,1,0,0,90,75,23
,2019-12-16,15:46:55,b02,83,83,*,0,0.1898,0,1,500,0,1,1,1,1,10,1,0,0,90,75,23
,2019-12-16,15:46:55,b02,83,83,*,1,0.49568,0,1,1000,0,1,1,1,1,10,1,0,0,90,75,24
,2019-12-16,15:46:55,b02,83,83,*,4,4.6236,0,1,10000,0,1,1,1,1,10,1,0,0,90,75,25
,2019-12-16,15:46:55,b02,83,83,*,0,0.035632,0,1,50,0,1,1,1,1,10,1,0,0,90,75,21
,2019-12-16,15:46:55,b02,83,83,*,0,0.079048,0,1,100,0,1,1,1,1,10,1,0,0,90,75,23
,2019-12-16,15:46:55,b02,83,83,*,1,0.290325,0,1,500,0,1,1,1,1,10,1,0,0,90,75,24
,2019-12-16,15:46:55,b02,83,83,*,0,0.571722,0,1,1000,0,1,1,1,1,10,1,0,0,90,75,24
,2019-12-16,15:46:55,b02,83,83,*,5,4.37702,0,1,10000,0,1,1,1,1,10,1,0,0,90,75,25
,2019-12-16,15:47:20,b03,138,138,*,0,0.076537,0,1,50,0,1,1,1,1,10,1,0,0,140,100,36
,2019-12-16,15:47:20,b03,138,138,*,0,0.055835,0,1,100,0,1,1,1,1,10,1,0,0,140,100,35
,2019-12-16,15:47:20,b03,138,138,*,0,0.420954,0,1,500,0,1,1,1,1,10,1,0,0,140,100,38
,2019-12-16,15:47:20,b03,138,138,*,1,0.545423,0,1,1000,0,1,1,1,1,10,1,0,0,140,100,38
,2019-12-16,15:47:20,b03,138,138,*,7,6.74271,0,1,10000,0,1,1,1,1,10,1,0,0,140,100,38
,2019-12-16,15:47:20,b03,138,138,*,0,0.029717,0,1,50,0,1,1,1,1,10,1,0,0,140,100,34
,2019-12-16,15:47:20,b03,138,138,*,0,0.082786,0,1,100,0,1,1,1,1,10,1,0,0,140,100,37
,2019-12-16,15:47:20,b03,138,138,*,0,0.284333,0,1,500,0,1,1,1,1,10,1,0,0,140,100,38
,2019-12-16,15:47:20,b03,138,138,*,1,0.590634,0,1,1000,0,1,1,1,1,10,1,0,0,140,100,38
,2019-12-16,15:47:20,b03,138,138,*,5,5.7913,0,1,10000,0,1,1,1,1,10,1,0,0,140,100,38
,2019-12-16,15:47:20,b03,138,138,*,0,0.025837,0,1,50,0,1,1,1,1,10,1,0,0,140,100,30
,2019-12-16,15:47:20,b03,138,138,*,0,0.086977,0,1,100,0,1,1,1,1,10,1,0,0,140,100,35
,2019-12-16,15:47:20,b03,138,138,*,1,0.352918,0,1,500,0,1,1,1,1,10,1,0,0,140,100,38
,2019-12-16,15:47:20,b03,138,138,*,1,0.681021,0,1,1000,0,1,1,1,1,10,1,0,0,140,100,38
,2019-12-16,15:47:20,b03,138,138,*,5,5.3668,0,1,10000,0,1,1,1,1,10,1,0,0,140,100,38
,2019-12-16,15:47:20,b03,138,138,*,0,0.028191,0,1,50,0,1,1,1,1,10,1,0,0,140,100,31
,2019-12-16,15:47:20,b03,138,138,*,0,0.080481,0,1,100,0,1,1,1,1,10,1,0,0,140,100,37
,2019-12-16,15:47:20,b03,138,138,*,0,0.254927,0,1,500,0,1,1,1,1,10,1,0,0,140,100,37
,2019-12-16,15:47:20,b03,138,138,*,1,0.507977,0,1,1000,0,1,1,1,1,10,1,0,0,140,100,38
,2019-12-16,15:47:20,b03,138,138,*,6,5.77549,0,1,10000,0,1,1,1,1,10,1,0,0,140,100,38
,2019-12-16,15:47:20,b03,138,138,*,0,0.036759,0,1,50,0,1,1,1,1,10,1,0,0,140,100,32
,2019-12-16,15:47:20,b03,138,138,*,0,0.085534,0,1,100,0,1,1,1,1,10,1,0,0,140,100,35
,2019-12-16,15:47:20,b03,138,138,*,0,0.365502,0,1,500,0,1,1,1,1,10,1,0,0,140,100,38
,2019-12-16,15:47:20,b03,138,138,*,1,0.603499,0,1,1000,0,1,1,1,1,10,1,0,0,140,100,38
,2019-12-16,15:47:20,b03,138,138,*,6,6.37222,0,1,10000,0,1,1,1,1,10,1,0,0,140,100,38
,2019-12-16,15:47:55,b04,59,59,*,0,0.106565,0,1,50,0,1,1,1,1,10,1,0,0,59,132,53
,2019-12-16,15:47:55,b04,59,59,*,1,1.0348,0,1,100,0,1,1,1,1,10,1,0,0,59,132,60
,2019-12-16,15:47:55,b04,59,59,*,1,1.14369,0,1,500,0,1,1,1,1,10,1,0,0,59,132,70
,2019-12-16,15:47:55,b04,59,59,*,2,1.29402,0,1,1000,0,1,1,1,1,10,1,0,0,59,132,71
,2019-12-16,15:47:55,b04,59,59,*,3,3.16092,0,1,10000,0,1,1,1,1,10,1,0,0,59,132,79
,2019-12-16,15:47:55,b04,59,59,*,0,0.204112,0,1,50,0,1,1,1,1,10,1,0,0,59,132,45
,2019-12-16,15:47:55,b04,59,59,*,1,0.364702,0,1,100,0,1,1,1,1,10,1,0,0,59,132,55
,2019-12-16,15:47:55,b04,59,59,*,0,0.909341,0,1,500,0,1,1,1,1,10,1,0,0,59,132,71
,2019-12-16,15:47:55,b04,59,59,*,2,1.28543,0,1,1000,0,1,1,1,1,10,1,0,0,59,132,73
,2019-12-16,15:47:55,b04,59,59,*,4,3.91966,0,1,10000,0,1,1,1,1,10,1,0,0,59,132,79
,2019-12-16,15:47:55,b04,59,59,*,0,0.330785,0,1,50,0,1,1,1,1,10,1,0,0,59,132,54
,2019-12-16,15:47:55,b04,59,59,*,1,1.02398,0,1,100,0,1,1,1,1,10,1,0,0,59,132,62
,2019-12-16,15:47:55,b04,59,59,*,1,1.03806,0,1,500,0,1,1,1,1,10,1,0,0,59,132,68
,2019-12-16,15:47:55,b04,59,59,*,1,1.28574,0,1,1000,0,1,1,1,1,10,1,0,0,59,132,74
,2019-12-16,15:47:55,b04,59,59,*,4,3.94056,0,1,10000,0,1,1,1,1,10,1,0,0,59,132,78
,2019-12-16,15:47:55,b04,59,59,*,1,0.700525,0,1,50,0,1,1,1,1,10,1,0,0,59,132,55
,2019-12-16,15:47:55,b04,59,59,*,1,1.02657,0,1,100,0,1,1,1,1,10,1,0,0,59,132,63
,2019-12-16,15:47:55,b04,59,59,*,1,0.429687,0,1,500,0,1,1,1,1,10,1,0,0,59,132,72
,2019-12-16,15:47:55,b04,59,59,*,0,0.925076,0,1,1000,0,1,1,1,1,10,1,0,0,59,132,73
,2019-12-16,15:47:55,b04,59,59,*,5,4.46188,0,1,10000,0,1,1,1,1,10,1,0,0,59,132,78
,2019-12-16,15:47:55,b04,59,59,*,0,0.438013,0,1,50,0,1,1,1,1,10,1,0,0,59,132,46
,2019-12-16,15:47:55,b04,59,59,*,1,0.877186,0,1,100,0,1,1,1,1,10,1,0,0,59,132,62
,2019-12-16,15:47:55,b04,59,59,*,1,1.15001,0,1,500,0,1,1,1,1,10,1,0,0,59,132,69
,2019-12-16,15:47:55,b04,59,59,*,2,1.29102,0,1,1000,0,1,1,1,1,10,1,0,0,59,132,72
,2019-12-16,15:47:55,b04,59,59,*,4,3.98169,0,1,10000,0,1,1,1,1,10,1,0,0,59,132,76
,2019-12-16,15:48:32,b05,62,61,,1,1.01306,1,1,50,0,1,1,1,1,10,1,0,0,64,134,48
,2019-12-16,15:48:32,b05,61,61,*,1,1.04176,0,1,100,0,1,1,1,1,10,1,0,0,64,134,57
,2019-12-16,15:48:32,b05,61,61,*,1,1.21658,0,1,500,0,1,1,1,1,10,1,0,0,64,134,62
,2019-12-16,15:48:32,b05,61,61,*,1,1.40771,0,1,1000,0,1,1,1,1,10,1,0,0,64,134,70
,2019-12-16,15:48:32,b05,61,61,*,6,5.8465,0,1,10000,0,1,1,1,1,10,1,0,0,64,134,72
,2019-12-16,15:48:32,b05,61,61,*,1,1.01759,0,1,50,0,1,1,1,1,10,1,0,0,64,134,47
,2019-12-16,15:48:32,b05,61,61,*,1,1.04038,0,1,100,0,1,1,1,1,10,1,0,0,64,134,61
,2019-12-16,15:48:32,b05,61,61,*,2,1.20344,0,1,500,0,1,1,1,1,10,1,0,0,64,134,63
,2019-12-16,15:48:32,b05,61,61,*,1,1.36339,0,1,1000,0,1,1,1,1,10,1,0,0,64,134,69
,2019-12-16,15:48:32,b05,61,61,*,5,4.9296,0,1,10000,0,1,1,1,1,10,1,0,0,64,134,80
,2019-12-16,15:48:32,b05,61,61,*,1,1.01916,0,1,50,0,1,1,1,1,10,1,0,0,64,134,50
,2019-12-16,15:48:32,b05,61,61,*,1,1.03464,0,1,100,0,1,1,1,1,10,1,0,0,64,134,55
,2019-12-16,15:48:32,b05,61,61,*,1,1.19653,0,1,500,0,1,1,1,1,10,1,0,0,64,134,65
,2019-12-16,15:48:32,b05,63,61,,2,1.44548,1,1,1000,0,1,1,1,1,10,1,0,0,64,134,67
,2019-12-16,15:48:32,b05,63,61,,5,5.07982,1,1,10000,0,1,1,1,1,10,1,0,0,64,134,75
,2019-12-16,15:48:32,b05,62,61,,1,1.01791,1,1,50,0,1,1,1,1,10,1,0,0,64,134,48
,2019-12-16,15:48:32,b05,61,61,*,1,1.03321,0,1,100,0,1,1,1,1,10,1,0,0,64,134,53
,2019-12-16,15:48:32,b05,63,61,,1,1.23386,1,1,500,0,1,1,1,1,10,1,0,0,64,134,63
,2019-12-16,15:48:32,b05,61,61,*,2,1.36512,0,1,1000,0,1,1,1,1,10,1,0,0,64,134,65
,2019-12-16,15:48:32,b05,61,61,*,4,4.87053,0,1,10000,0,1,1,1,1,10,1,0,0,64,134,72
,2019-12-16,15:48:32,b05,61,61,*,1,1.01455,0,1,50,0,1,1,1,1,10,1,0,0,64,134,53
,2019-12-16,15:48:32,b05,61,61,*,1,1.03313,0,1,100,0,1,1,1,1,10,1,0,0,64,134,54
,2019-12-16,15:48:32,b05,62,61,,2,1.22936,1,1,500,0,1,1,1,1,10,1,0,0,64,134,66
,2019-12-16,15:48:32,b05,63,61,,1,1.41178,1,1,1000,0,1,1,1,1,10,1,0,0,64,134,68
,2019-12-16,15:48:32,b05,61,61,*,5,5.0187,0,1,10000,0,1,1,1,1,10,1,0,0,64,134,82
,2019-12-16,15:49:21,b06,122,122,*,1,0.62274,0,1,50,0,1,1,1,1,10,1,0,0,127,143,88
,2019-12-16,15:49:21,b06,133,122,,1,1.08497,1,1,100,0,1,1,1,1,10,1,0,0,127,143,98
,2019-12-16,15:49:21,b06,122,122,*,1,1.04203,0,1,500,0,1,1,1,1,10,1,0,0,127,143,105
,2019-12-16,15:49:21,b06,128,122,,2,1.75786,1,1,1000,0,1,1,1,1,10,1,0,0,127,143,103
,2019-12-16,15:49:21,b06,122,122,*,8,8.17935,0,1,10000,0,1,1,1,1,10,1,0,0,127,143,108
,2019-12-16,15:49:21,b06,123,122,,1,1.02965,1,1,50,0,1,1,1,1,10,1,0,0,127,143,93
,2019-12-16,15:49:21,b06,122,122,*,1,0.923972,0,1,100,0,1,1,1,1,10,1,0,0,127,143,97
,2019-12-16,15:49:21,b06,128,122,,1,1.40116,1,1,500,0,1,1,1,1,10,1,0,0,127,143,103
,2019-12-16,15:49:21,b06,127,122,,2,1.6388,1,1,1000,0,1,1,1,1,10,1,0,0,127,143,105
,2019-12-16,15:49:21,b06,122,122,*,7,7.15677,0,1,10000,0,1,1,1,1,10,1,0,0,127,143,108
,2019-12-16,15:49:21,b06,122,122,*,1,0.507976,0,1,50,0,1,1,1,1,10,1,0,0,127,143,90
,2019-12-16,15:49:21,b06,122,122,*,1,1.05965,0,1,100,0,1,1,1,1,10,1,0,0,127,143,96
,2019-12-16,15:49:21,b06,123,122,,1,1.39791,1,1,500,0,1,1,1,1,10,1,0,0,127,143,103
,2019-12-16,15:49:21,b06,122,122,*,1,1.03807,0,1,1000,0,1,1,1,1,10,1,0,0,127,143,105
,2019-12-16,15:49:21,b06,124,122,,9,9.06416,1,1,10000,0,1,1,1,1,10,1,0,0,127,143,108
,2019-12-16,15:49:21,b06,122,122,*,1,0.689872,0,1,50,0,1,1,1,1,10,1,0,0,127,143,88
,2019-12-16,15:49:21,b06,122,122,*,1,0.512529,0,1,100,0,1,1,1,1,10,1,0,0,127,143,95
,2019-12-16,15:49:21,b06,129,122,,1,1.35851,1,1,500,0,1,1,1,1,10,1,0,0,127,143,102
,2019-12-16,15:49:21,b06,126,122,,2,1.80538,1,1,1000,0,1,1,1,1,10,1,0,0,127,143,106
,2019-12-16,15:49:21,b06,127,122,,10,10.4624,1,1,10000,0,1,1,1,1,10,1,0,0,127,143,108
,2019-12-16,15:49:21,b06,122,122,*,1,0.928149,0,1,50,0,1,1,1,1,10,1,0,0,127,143,86
,2019-12-16,15:49:21,b06,122,122,*,1,0.455046,0,1,100,0,1,1,1,1,10,1,0,0,127,143,92
,2019-12-16,15:49:21,b06,126,122,,1,1.33841,1,1,500,0,1,1,1,1,10,1,0,0,127,143,104
,2019-12-16,15:49:21,b06,131,122,,2,1.87573,1,1,1000,0,1,1,1,1,10,1,0,0,127,143,105
,2019-12-16,15:49:21,b06,122,122,*,7,7.39438,0,1,10000,0,1,1,1,1,10,1,0,0,127,143,108
,2019-12-16,15:50:26,b07,111,111,*,0,0.019757,0,1,50,0,1,1,1,1,10,1,0,0,111,93,30
,2019-12-16,15:50:26,b07,111,111,*,0,0.034771,0,1,100,0,1,1,1,1,10,1,0,0,111,93,31
,2019-12-16,15:50:26,b07,111,111,*,1,0.175384,0,1,500,0,1,1,1,1,10,1,0,0,111,93,36
,2019-12-16,15:50:26,b07,111,111,*,0,0.388877,0,1,1000,0,1,1,1,1,10,1,0,0,111,93,36
,2019-12-16,15:50:26,b07,111,111,*,4,3.7354,0,1,10000,0,1,1,1,1,10,1,0,0,111,93,40
,2019-12-16,15:50:26,b07,111,111,*,0,0.021897,0,1,50,0,1,1,1,1,10,1,0,0,111,93,29
,2019-12-16,15:50:26,b07,111,111,*,0,0.040409,0,1,100,0,1,1,1,1,10,1,0,0,111,93,30
,2019-12-16,15:50:26,b07,111,111,*,0,0.194113,0,1,500,0,1,1,1,1,10,1,0,0,111,93,35
,2019-12-16,15:50:26,b07,111,111,*,0,0.387627,0,1,1000,0,1,1,1,1,10,1,0,0,111,93,37
,2019-12-16,15:50:26,b07,111,111,*,5,4.21491,0,1,10000,0,1,1,1,1,10,1,0,0,111,93,41
,2019-12-16,15:50:26,b07,111,111,*,0,0.019943,0,1,50,0,1,1,1,1,10,1,0,0,111,93,26
,2019-12-16,15:50:26,b07,111,111,*,0,0.035641,0,1,100,0,1,1,1,1,10,1,0,0,111,93,31
,2019-12-16,15:50:26,b07,111,111,*,0,0.174134,0,1,500,0,1,1,1,1,10,1,0,0,111,93,36
,2019-12-16,15:50:26,b07,111,111,*,0,0.349851,0,1,1000,0,1,1,1,1,10,1,0,0,111,93,36
,2019-12-16,15:50:26,b07,111,111,*,4,3.69421,0,1,10000,0,1,1,1,1,10,1,0,0,111,93,40
,2019-12-16,15:50:26,b07,111,111,*,0,0.019647,0,1,50,0,1,1,1,1,10,1,0,0,111,93,25
,2019-12-16,15:50:26,b07,111,111,*,0,0.037164,0,1,100,0,1,1,1,1,10,1,0,0,111,93,31
,2019-12-16,15:50:26,b07,111,111,*,0,0.175841,0,1,500,0,1,1,1,1,10,1,0,0,111,93,36
,2019-12-16,15:50:26,b07,111,111,*,1,0.350357,0,1,1000,0,1,1,1,1,10,1,0,0,111,93,37
,2019-12-16,15:50:26,b07,111,111,*,3,3.731,0,1,10000,0,1,1,1,1,10,1,0,0,111,93,43
,2019-12-16,15:50:26,b07,111,111,*,0,0.022737,0,1,50,0,1,1,1,1,10,1,0,0,111,93,29
,2019-12-16,15:50:26,b07,111,111,*,0,0.03979,0,1,100,0,1,1,1,1,10,1,0,0,111,93,35
,2019-12-16,15:50:26,b07,111,111,*,1,0.195564,0,1,500,0,1,1,1,1,10,1,0,0,111,93,34
,2019-12-16,15:50:26,b07,111,111,*,0,0.388393,0,1,1000,0,1,1,1,1,10,1,0,0,111,93,39
,2019-12-16,15:50:26,b07,111,111,*,4,4.22405,0,1,10000,0,1,1,1,1,10,1,0,0,111,93,40
,2019-12-16,15:50:49,b08,104,104,*,0,0.03909,0,1,50,0,1,1,1,1,10,1,0,0,104,106,32
,2019-12-16,15:50:49,b08,104,104,*,0,0.077924,0,1,100,0,1,1,1,1,10,1,0,0,104,106,37
,2019-12-16,15:50:49,b08,104,104,*,1,0.248688,0,1,500,0,1,1,1,1,10,1,0,0,104,106,37
,2019-12-16,15:50:49,b08,104,104,*,0,0.456605,0,1,1000,0,1,1,1,1,10,1,0,0,104,106,39
,2019-12-16,15:50:49,b08,104,104,*,5,4.36925,0,1,10000,0,1,1,1,1,10,1,0,0,104,106,48
,2019-12-16,15:50:49,b08,104,104,*,0,0.038877,0,1,50,0,1,1,1,1,10,1,0,0,104,106,35
,2019-12-16,15:50:49,b08,104,104,*,0,0.064355,0,1,100,0,1,1,1,1,10,1,0,0,104,106,35
,2019-12-16,15:50:49,b08,104,104,*,0,0.260959,0,1,500,0,1,1,1,1,10,1,0,0,104,106,38
,2019-12-16,15:50:49,b08,104,104,*,0,0.486032,0,1,1000,0,1,1,1,1,10,1,0,0,104,106,46
,2019-12-16,15:50:49,b08,104,104,*,5,4.57292,0,1,10000,0,1,1,1,1,10,1,0,0,104,106,43
,2019-12-16,15:50:49,b08,104,104,*,0,0.063741,0,1,50,0,1,1,1,1,10,1,0,0,104,106,33
,2019-12-16,15:50:49,b08,104,104,*,0,0.057053,0,1,100,0,1,1,1,1,10,1,0,0,104,106,37
,2019-12-16,15:50:49,b08,104,104,*,0,0.260049,0,1,500,0,1,1,1,1,10,1,0,0,104,106,38
,2019-12-16,15:50:49,b08,104,104,*,1,0.48075,0,1,1000,0,1,1,1,1,10,1,0,0,104,106,39
,2019-12-16,15:50:49,b08,104,104,*,4,4.45569,0,1,10000,0,1,1,1,1,10,1,0,0,104,106,46
,2019-12-16,15:50:49,b08,104,104,*,0,0.032853,0,1,50,0,1,1,1,1,10,1,0,0,104,106,34
,2019-12-16,15:50:49,b08,104,104,*,0,0.076888,0,1,100,0,1,1,1,1,10,1,0,0,104,106,36
,2019-12-16,15:50:49,b08,104,104,*,1,0.235172,0,1,500,0,1,1,1,1,10,1,0,0,104,106,38
,2019-12-16,15:50:49,b08,104,104,*,0,0.469359,0,1,1000,0,1,1,1,1,10,1,0,0,104,106,38
,2019-12-16,15:50:49,b08,104,104,*,5,4.44695,0,1,10000,0,1,1,1,1,10,1,0,0,104,106,42
,2019-12-16,15:50:49,b08,104,104,*,0,0.050394,0,1,50,0,1,1,1,1,10,1,0,0,104,106,34
,2019-12-16,15:50:49,b08,104,104,*,0,0.056408,0,1,100,0,1,1,1,1,10,1,0,0,104,106,33
,2019-12-16,15:50:49,b08,104,104,*,0,0.254214,0,1,500,0,1,1,1,1,10,1,0,0,104,106,41
,2019-12-16,15:50:49,b08,104,104,*,1,0.493196,0,1,1000,0,1,1,1,1,10,1,0,0,104,106,40
,2019-12-16,15:50:49,b08,104,104,*,4,4.46724,0,1,10000,0,1,1,1,1,10,1,0,0,104,106,47
,2019-12-16,15:51:16,b09,220,220,*,0,0.045759,0,1,50,0,1,1,1,1,10,1,0,0,224,139,40
,2019-12-16,15:51:16,b09,220,220,*,0,0.09039,0,1,100,0,1,1,1,1,10,1,0,0,224,139,50
,2019-12-16,15:51:16,b09,220,220,*,1,0.508864,0,1,500,0,1,1,1,1,10,1,0,0,224,139,54
,2019-12-16,15:51:16,b09,220,220,*,1,0.882839,0,1,1000,0,1,1,1,1,10,1,0,0,224,139,57
,2019-12-16,15:51:16,b09,220,220,*,7,7.65806,0,1,10000,0,1,1,1,1,10,1,0,0,224,139,57
,2019-12-16,15:51:16,b09,220,220,*,0,0.067233,0,1,50,0,1,1,1,1,10,1,0,0,224,139,45
,2019-12-16,15:51:16,b09,220,220,*,1,0.172177,0,1,100,0,1,1,1,1,10,1,0,0,224,139,49
,2019-12-16,15:51:16,b09,220,220,*,0,0.375258,0,1,500,0,1,1,1,1,10,1,0,0,224,139,54
,2019-12-16,15:51:16,b09,220,220,*,1,0.826842,0,1,1000,0,1,1,1,1,10,1,0,0,224,139,57
,2019-12-16,15:51:16,b09,220,220,*,9,9.11016,0,1,10000,0,1,1,1,1,10,1,0,0,224,139,57
,2019-12-16,15:51:16,b09,220,220,*,0,0.048036,0,1,50,0,1,1,1,1,10,1,0,0,224,139,42
,2019-12-16,15:51:16,b09,220,220,*,0,0.094027,0,1,100,0,1,1,1,1,10,1,0,0,224,139,42
,2019-12-16,15:51:16,b09,220,220,*,0,0.402702,0,1,500,0,1,1,1,1,10,1,0,0,224,139,54
,2019-12-16,15:51:16,b09,220,220,*,1,1.03161,0,1,1000,0,1,1,1,1,10,1,0,0,224,139,57
,2019-12-16,15:51:16,b09,220,220,*,9,8.78045,0,1,10000,0,1,1,1,1,10,1,0,0,224,139,57
,2019-12-16,15:51:16,b09,220,220,*,0,0.052437,0,1,50,0,1,1,1,1,10,1,0,0,224,139,41
,2019-12-16,15:51:16,b09,220,220,*,0,0.09686,0,1,100,0,1,1,1,1,10,1,0,0,224,139,49
,2019-12-16,15:51:16,b09,220,220,*,1,0.429145,0,1,500,0,1,1,1,1,10,1,0,0,224,139,55
,2019-12-16,15:51:16,b09,220,220,*,1,0.822486,0,1,1000,0,1,1,1,1,10,1,0,0,224,139,57
,2019-12-16,15:51:16,b09,220,220,*,8,8.06583,0,1,10000,0,1,1,1,1,10,1,0,0,224,139,57
,2019-12-16,15:51:16,b09,220,220,*,0,0.046724,0,1,50,0,1,1,1,1,10,1,0,0,224,139,48
,2019-12-16,15:51:16,b09,220,220,*,0,0.148088,0,1,100,0,1,1,1,1,10,1,0,0,224,139,47
,2019-12-16,15:51:16,b09,220,220,*,0,0.418313,0,1,500,0,1,1,1,1,10,1,0,0,224,139,55
,2019-12-16,15:51:16,b09,220,220,*,1,0.830467,0,1,1000,0,1,1,1,1,10,1,0,0,224,139,57
,2019-12-16,15:51:16,b09,220,220,*,9,8.2832,0,1,10000,0,1,1,1,1,10,1,0,0,224,139,57
,2019-12-16,15:52:06,b10,86,86,*,1,0.930966,0,1,50,0,1,1,1,1,10,1,0,0,98,194,81
,2019-12-16,15:52:06,b10,86,86,*,1,1.05196,0,1,100,0,1,1,1,1,10,1,0,0,98,194,82
,2019-12-16,15:52:06,b10,92,86,,1,1.2448,1,1,500,0,1,1,1,1,10,1,0,0,98,194,110
,2019-12-16,15:52:06,b10,86,86,*,1,1.55158,0,1,1000,0,1,1,1,1,10,1,0,0,98,194,115
,2019-12-16,15:52:06,b10,92,86,,6,5.94472,1,1,10000,0,1,1,1,1,10,1,0,0,98,194,139
,2019-12-16,15:52:06,b10,86,86,*,1,0.956088,0,1,50,0,1,1,1,1,10,1,0,0,98,194,81
,2019-12-16,15:52:06,b10,87,86,,1,1.05101,1,1,100,0,1,1,1,1,10,1,0,0,98,194,91
,2019-12-16,15:52:06,b10,86,86,*,2,1.17711,0,1,500,0,1,1,1,1,10,1,0,0,98,194,108
,2019-12-16,15:52:06,b10,86,86,*,1,1.50087,0,1,1000,0,1,1,1,1,10,1,0,0,98,194,115
,2019-12-16,15:52:06,b10,86,86,*,7,6.5846,0,1,10000,0,1,1,1,1,10,1,0,0,98,194,143
,2019-12-16,15:52:06,b10,93,86,,1,1.02625,1,1,50,0,1,1,1,1,10,1,0,0,98,194,80
,2019-12-16,15:52:06,b10,93,86,,1,1.05153,1,1,100,0,1,1,1,1,10,1,0,0,98,194,84
,2019-12-16,15:52:06,b10,86,86,*,1,1.21044,0,1,500,0,1,1,1,1,10,1,0,0,98,194,108
,2019-12-16,15:52:06,b10,91,86,,2,1.46108,1,1,1000,0,1,1,1,1,10,1,0,0,98,194,117
,2019-12-16,15:52:06,b10,86,86,*,6,6.36531,0,1,10000,0,1,1,1,1,10,1,0,0,98,194,149
,2019-12-16,15:52:06,b10,86,86,*,1,0.734804,0,1,50,0,1,1,1,1,10,1,0,0,98,194,72
,2019-12-16,15:52:06,b10,86,86,*,1,0.814242,0,1,100,0,1,1,1,1,10,1,0,0,98,194,83
,2019-12-16,15:52:06,b10,107,86,,1,1.2967,1,1,500,0,1,1,1,1,10,1,0,0,98,194,105
,2019-12-16,15:52:06,b10,86,86,*,1,1.47715,0,1,1000,0,1,1,1,1,10,1,0,0,98,194,118
,2019-12-16,15:52:06,b10,87,86,,7,6.48705,1,1,10000,0,1,1,1,1,10,1,0,0,98,194,133
,2019-12-16,15:52:06,b10,86,86,*,1,0.751631,0,1,50,0,1,1,1,1,10,1,0,0,98,194,68
,2019-12-16,15:52:06,b10,86,86,*,1,0.905752,0,1,100,0,1,1,1,1,10,1,0,0,98,194,82
,2019-12-16,15:52:06,b10,86,86,*,1,1.17924,0,1,500,0,1,1,1,1,10,1,0,0,98,194,108
,2019-12-16,15:52:06,b10,86,86,*,1,1.48759,0,1,1000,0,1,1,1,1,10,1,0,0,98,194,112
,2019-12-16,15:52:06,b10,91,86,,6,5.53381,1,1,10000,0,1,1,1,1,10,1,0,0,98,194,145
,2019-12-16,15:53:00,b11,88,88,*,1,1.02502,0,1,50,0,1,1,1,1,10,1,0,0,93,209,68
,2019-12-16,15:53:00,b11,95,88,,1,1.06252,1,1,100,0,1,1,1,1,10,1,0,0,93,209,98
,2019-12-16,15:53:00,b11,88,88,*,1,1.25878,0,1,500,0,1,1,1,1,10,1,0,0,93,209,111
,2019-12-16,15:53:00,b11,88,88,*,2,1.68238,0,1,1000,0,1,1,1,1,10,1,0,0,93,209,125
,2019-12-16,15:53:00,b11,90,88,,7,7.24549,1,1,10000,0,1,1,1,1,10,1,0,0,93,209,145
,2019-12-16,15:53:00,b11,88,88,*,1,1.02734,0,1,50,0,1,1,1,1,10,1,0,0,93,209,75
,2019-12-16,15:53:00,b11,90,88,,1,1.05753,1,1,100,0,1,1,1,1,10,1,0,0,93,209,98
,2019-12-16,15:53:00,b11,88,88,*,2,1.30644,0,1,500,0,1,1,1,1,10,1,0,0,93,209,112
,2019-12-16,15:53:00,b11,90,88,,1,1.52984,1,1,1000,0,1,1,1,1,10,1,0,0,93,209,124
,2019-12-16,15:53:00,b11,94,88,,7,6.52148,1,1,10000,0,1,1,1,1,10,1,0,0,93,209,137
,2019-12-16,15:53:00,b11,92,88,,1,1.02628,1,1,50,0,1,1,1,1,10,1,0,0,93,209,85
,2019-12-16,15:53:00,b11,92,88,,1,1.0587,1,1,100,0,1,1,1,1,10,1,0,0,93,209,85
,2019-12-16,15:53:00,b11,88,88,*,1,1.31235,0,1,500,0,1,1,1,1,10,1,0,0,93,209,108
,2019-12-16,15:53:00,b11,88,88,*,2,1.53977,0,1,1000,0,1,1,1,1,10,1,0,0,93,209,121
,2019-12-16,15:53:00,b11,89,88,,6,5.89676,1,1,10000,0,1,1,1,1,10,1,0,0,93,209,143
,2019-12-16,15:53:00,b11,88,88,*,1,1.01902,0,1,50,0,1,1,1,1,10,1,0,0,93,209,78
,2019-12-16,15:53:00,b11,93,88,,1,1.06116,1,1,100,0,1,1,1,1,10,1,0,0,93,209,90
,2019-12-16,15:53:00,b11,90,88,,1,1.34366,1,1,500,0,1,1,1,1,10,1,0,0,93,209,120
,2019-12-16,15:53:00,b11,90,88,,2,1.48059,1,1,1000,0,1,1,1,1,10,1,0,0,93,209,115
,2019-12-16,15:53:00,b11,95,88,,6,6.45057,1,1,10000,0,1,1,1,1,10,1,0,0,93,209,144
,2019-12-16,15:53:00,b11,88,88,*,1,1.02258,0,1,50,0,1,1,1,1,10,1,0,0,93,209,81
,2019-12-16,15:53:00,b11,89,88,,1,1.0469,1,1,100,0,1,1,1,1,10,1,0,0,93,209,88
,2019-12-16,15:53:00,b11,92,88,,1,1.24876,1,1,500,0,1,1,1,1,10,1,0,0,93,209,115
,2019-12-16,15:53:00,b11,90,88,,2,1.48878,1,1,1000,0,1,1,1,1,10,1,0,0,93,209,116
,2019-12-16,15:53:00,b11,92,88,,7,7.50071,1,1,10000,0,1,1,1,1,10,1,0,0,93,209,140
,2019-12-16,15:53:58,b12,174,174,*,1,0.114954,0,1,50,0,1,1,1,1,10,1,0,0,174,221,121
,2019-12-16,15:53:58,b12,174,174,*,0,0.207162,0,1,100,0,1,1,1,1,10,1,0,0,174,221,128
,2019-12-16,15:53:58,b12,174,174,*,0,0.484897,0,1,500,0,1,1,1,1,10,1,0,0,174,221,148
,2019-12-16,15:53:58,b12,174,174,*,1,1.24297,0,1,1000,0,1,1,1,1,10,1,0,0,174,221,149
,2019-12-16,15:53:58,b12,174,174,*,9,8.59446,0,1,10000,0,1,1,1,1,10,1,0,0,174,221,157
,2019-12-16,15:53:58,b12,174,174,*,0,0.188313,0,1,50,0,1,1,1,1,10,1,0,0,174,221,120
,2019-12-16,15:53:58,b12,174,174,*,1,0.508302,0,1,100,0,1,1,1,1,10,1,0,0,174,221,126
,2019-12-16,15:53:58,b12,174,174,*,1,0.724551,0,1,500,0,1,1,1,1,10,1,0,0,174,221,138
,2019-12-16,15:53:58,b12,174,174,*,1,1.04296,0,1,1000,0,1,1,1,1,10,1,0,0,174,221,154
,2019-12-16,15:53:58,b12,174,174,*,8,8.23096,0,1,10000,0,1,1,1,1,10,1,0,0,174,221,157
,2019-12-16,15:53:58,b12,174,174,*,0,0.123634,0,1,50,0,1,1,1,1,10,1,0,0,174,221,119
,2019-12-16,15:53:58,b12,174,174,*,0,0.37705,0,1,100,0,1,1,1,1,10,1,0,0,174,221,129
,2019-12-16,15:53:58,b12,174,174,*,1,0.799688,0,1,500,0,1,1,1,1,10,1,0,0,174,221,147
,2019-12-16,15:53:58,b12,174,174,*,1,1.01783,0,1,1000,0,1,1,1,1,10,1,0,0,174,221,146
,2019-12-16,15:53:58,b12,174,174,*,9,8.47357,0,1,10000,0,1,1,1,1,10,1,0,0,174,221,158
,2019-12-16,15:53:58,b12,174,174,*,0,0.23833,0,1,50,0,1,1,1,1,10,1,0,0,174,221,107
,2019-12-16,15:53:58,b12,174,174,*,0,0.281832,0,1,100,0,1,1,1,1,10,1,0,0,174,221,126
,2019-12-16,15:53:58,b12,174,174,*,2,1.38615,0,1,500,0,1,1,1,1,10,1,0,0,174,221,149
,2019-12-16,15:53:58,b12,174,174,*,1,0.886709,0,1,1000,0,1,1,1,1,10,1,0,0,174,221,150
,2019-12-16,15:53:58,b12,174,174,*,8,8.72172,0,1,10000,0,1,1,1,1,10,1,0,0,174,221,158
,2019-12-16,15:53:58,b12,174,174,*,1,0.260063,0,1,50,0,1,1,1,1,10,1,0,0,174,221,107
,2019-12-16,15:53:58,b12,174,174,*,0,0.300771,0,1,100,0,1,1,1,1,10,1,0,0,174,221,130
,2019-12-16,15:53:58,b12,174,174,*,0,0.568949,0,1,500,0,1,1,1,1,10,1,0,0,174,221,144
,2019-12-16,15:53:58,b12,174,174,*,1,0.943509,0,1,1000,0,1,1,1,1,10,1,0,0,174,221,156
,2019-12-16,15:53:58,b12,174,174,*,9,8.68605,0,1,10000,0,1,1,1,1,10,1,0,0,174,221,158
,2019-12-16,15:54:53,b13,169,165,,1,0.733327,1,1,50,0,1,1,1,1,10,1,0,0,175,122,48
,2019-12-16,15:54:53,b13,165,165,*,0,0.381121,0,1,100,0,1,1,1,1,10,1,0,0,175,122,56
,2019-12-16,15:54:53,b13,165,165,*,1,0.469091,0,1,500,0,1,1,1,1,10,1,0,0,175,122,68
,2019-12-16,15:54:53,b13,165,165,*,1,0.872448,0,1,1000,0,1,1,1,1,10,1,0,0,175,122,70
,2019-12-16,15:54:53,b13,165,165,*,6,6.21745,0,1,10000,0,1,1,1,1,10,1,0,0,175,122,77
,2019-12-16,15:54:53,b13,165,165,*,0,0.136766,0,1,50,0,1,1,1,1,10,1,0,0,175,122,52
,2019-12-16,15:54:53,b13,165,165,*,0,0.296001,0,1,100,0,1,1,1,1,10,1,0,0,175,122,56
,2019-12-16,15:54:53,b13,165,165,*,1,0.9541,0,1,500,0,1,1,1,1,10,1,0,0,175,122,69
,2019-12-16,15:54:53,b13,165,165,*,1,0.947696,0,1,1000,0,1,1,1,1,10,1,0,0,175,122,72
,2019-12-16,15:54:53,b13,165,165,*,6,5.91852,0,1,10000,0,1,1,1,1,10,1,0,0,175,122,78
,2019-12-16,15:54:53,b13,165,165,*,1,0.295979,0,1,50,0,1,1,1,1,10,1,0,0,175,122,51
,2019-12-16,15:54:53,b13,165,165,*,0,0.616744,0,1,100,0,1,1,1,1,10,1,0,0,175,122,60
,2019-12-16,15:54:53,b13,188,165,,2,1.28439,1,1,500,0,1,1,1,1,10,1,0,0,175,122,72
,2019-12-16,15:54:53,b13,165,165,*,1,1.54148,0,1,1000,0,1,1,1,1,10,1,0,0,175,122,75
,2019-12-16,15:54:53,b13,165,165,*,7,6.79835,0,1,10000,0,1,1,1,1,10,1,0,0,175,122,76
,2019-12-16,15:54:53,b13,165,165,*,0,0.238207,0,1,50,0,1,1,1,1,10,1,0,0,175,122,50
,2019-12-16,15:54:53,b13,165,165,*,1,0.395227,0,1,100,0,1,1,1,1,10,1,0,0,175,122,57
,2019-12-16,15:54:53,b13,165,165,*,1,1.273,0,1,500,0,1,1,1,1,10,1,0,0,175,122,66
,2019-12-16,15:54:53,b13,187,165,,1,1.53604,1,1,1000,0,1,1,1,1,10,1,0,0,175,122,69
,2019-12-16,15:54:53,b13,165,165,*,7,6.19231,0,1,10000,0,1,1,1,1,10,1,0,0,175,122,77
,2019-12-16,15:54:53,b13,165,165,*,0,0.167302,0,1,50,0,1,1,1,1,10,1,0,0,175,122,46
,2019-12-16,15:54:53,b13,165,165,*,0,0.550927,0,1,100,0,1,1,1,1,10,1,0,0,175,122,55
,2019-12-16,15:54:53,b13,165,165,*,1,0.663834,0,1,500,0,1,1,1,1,10,1,0,0,175,122,69
,2019-12-16,15:54:53,b13,165,165,*,1,0.750149,0,1,1000,0,1,1,1,1,10,1,0,0,175,122,69
,2019-12-16,15:54:53,b13,165,165,*,6,5.73281,0,1,10000,0,1,1,1,1,10,1,0,0,175,122,76
,2019-12-16,15:55:39,b14,235,235,*,0,0.380118,0,1,50,0,1,1,1,1,10,1,0,0,237,148,76
,2019-12-16,15:55:39,b14,235,235,*,1,0.885977,0,1,100,0,1,1,1,1,10,1,0,0,237,148,75
,2019-12-16,15:55:39,b14,235,235,*,1,0.941501,0,1,500,0,1,1,1,1,10,1,0,0,237,148,81
,2019-12-16,15:55:39,b14,235,235,*,2,1.76109,0,1,1000,0,1,1,1,1,10,1,0,0,237,148,84
,2019-12-16,15:55:39,b14,235,235,*,13,13.2897,0,1,10000,0,1,1,1,1,10,1,0,0,237,148,88
,2019-12-16,15:55:39,b14,235,235,*,0,0.323695,0,1,50,0,1,1,1,1,10,1,0,0,237,148,78
,2019-12-16,15:55:39,b14,235,235,*,1,0.4244,0,1,100,0,1,1,1,1,10,1,0,0,237,148,79
,2019-12-16,15:55:39,b14,235,235,*,1,1.38699,0,1,500,0,1,1,1,1,10,1,0,0,237,148,82
,2019-12-16,15:55:39,b14,235,235,*,2,1.97175,0,1,1000,0,1,1,1,1,10,1,0,0,237,148,83
,2019-12-16,15:55:39,b14,235,235,*,10,10.001,0,1,10000,0,1,1,1,1,10,1,0,0,237,148,86
,2019-12-16,15:55:39,b14,235,235,*,1,1.03956,0,1,50,0,1,1,1,1,10,1,0,0,237,148,75
,2019-12-16,15:55:39,b14,235,235,*,1,0.613052,0,1,100,0,1,1,1,1,10,1,0,0,237,148,76
,2019-12-16,15:55:39,b14,235,235,*,1,1.45178,0,1,500,0,1,1,1,1,10,1,0,0,237,148,83
,2019-12-16,15:55:39,b14,237,235,,2,1.89654,1,1,1000,0,1,1,1,1,10,1,0,0,237,148,85
,2019-12-16,15:55:39,b14,236,235,,11,10.8846,1,1,10000,0,1,1,1,1,10,1,0,0,237,148,87
,2019-12-16,15:55:39,b14,236,235,,0,0.253231,1,1,50,0,1,1,1,1,10,1,0,0,237,148,71
,2019-12-16,15:55:39,b14,235,235,*,1,0.59119,0,1,100,0,1,1,1,1,10,1,0,0,237,148,79
,2019-12-16,15:55:39,b14,236,235,,1,1.38204,1,1,500,0,1,1,1,1,10,1,0,0,237,148,81
,2019-12-16,15:55:39,b14,242,235,,2,1.77548,1,1,1000,0,1,1,1,1,10,1,0,0,237,148,85
,2019-12-16,15:55:39,b14,239,235,,12,12.3621,1,1,10000,0,1,1,1,1,10,1,0,0,237,148,86
,2019-12-16,15:55:39,b14,236,235,,1,0.229111,1,1,50,0,1,1,1,1,10,1,0,0,237,148,74
,2019-12-16,15:55:39,b14,235,235,*,0,0.361057,0,1,100,0,1,1,1,1,10,1,0,0,237,148,78
,2019-12-16,15:55:39,b14,236,235,,2,1.48854,1,1,500,0,1,1,1,1,10,1,0,0,237,148,83
,2019-12-16,15:55:39,b14,245,235,,2,2.03867,1,1,1000,0,1,1,1,1,10,1,0,0,237,148,84
,2019-12-16,15:55:39,b14,237,235,,12,12.5047,1,1,10000,0,1,1,1,1,10,1,0,0,237,148,87
,2019-12-16,15:56:59,b15,321,318,,1,1.00604,1,1,50,0,1,1,1,1,10,1,0,0,322,183,78
,2019-12-16,15:56:59,b15,323,318,,1,1.03685,1,1,100,0,1,1,1,1,10,1,0,0,322,183,83
,2019-12-16,15:56:59,b15,324,318,,2,1.72365,1,1,500,0,1,1,1,1,10,1,0,0,322,183,87
,2019-12-16,15:56:59,b15,318,318,*,2,2.19962,0,1,1000,0,1,1,1,1,10,1,0,0,322,183,87
,2019-12-16,15:56:59,b15,328,318,,13,12.8637,1,1,10000,0,1,1,1,1,10,1,0,0,322,183,87
,2019-12-16,15:56:59,b15,331,318,,2,1.04943,1,1,50,0,1,1,1,1,10,1,0,0,322,183,79
,2019-12-16,15:56:59,b15,344,318,,1,1.12698,1,1,100,0,1,1,1,1,10,1,0,0,322,183,83
,2019-12-16,15:56:59,b15,318,318,*,1,1.66301,0,1,500,0,1,1,1,1,10,1,0,0,322,183,86
,2019-12-16,15:56:59,b15,330,318,,3,2.17858,1,1,1000,0,1,1,1,1,10,1,0,0,322,183,87
,2019-12-16,15:56:59,b15,318,318,*,16,16.2779,0,1,10000,0,1,1,1,1,10,1,0,0,322,183,87
,2019-12-16,15:56:59,b15,318,318,*,1,0.91815,0,1,50,0,1,1,1,1,10,1,0,0,322,183,81
,2019-12-16,15:56:59,b15,321,318,,1,1.10821,1,1,100,0,1,1,1,1,10,1,0,0,322,183,82
,2019-12-16,15:56:59,b15,338,318,,2,1.7957,1,1,500,0,1,1,1,1,10,1,0,0,322,183,86
,2019-12-16,15:56:59,b15,324,318,,2,2.26294,1,1,1000,0,1,1,1,1,10,1,0,0,322,183,86
,2019-12-16,15:56:59,b15,320,318,,15,15.0014,1,1,10000,0,1,1,1,1,10,1,0,0,322,183,87
,2019-12-16,15:56:59,b15,321,318,,1,1.04357,1,1,50,0,1,1,1,1,10,1,0,0,322,183,79
,2019-12-16,15:56:59,b15,318,318,*,2,1.10346,0,1,100,0,1,1,1,1,10,1,0,0,322,183,86
,2019-12-16,15:56:59,b15,325,318,,1,1.56785,1,1,500,0,1,1,1,1,10,1,0,0,322,183,87
,2019-12-16,15:56:59,b15,324,318,,3,2.46356,1,1,1000,0,1,1,1,1,10,1,0,0,322,183,87
,2019-12-16,15:56:59,b15,331,318,,15,15.5828,1,1,10000,0,1,1,1,1,10,1,0,0,322,183,87
,2019-12-16,15:56:59,b15,324,318,,2,1.04779,1,1,50,0,1,1,1,1,10,1,0,0,322,183,80
,2019-12-16,15:56:59,b15,324,318,,1,1.12588,1,1,100,0,1,1,1,1,10,1,0,0,322,183,81
,2019-12-16,15:56:59,b15,318,318,*,1,1.64751,0,1,500,0,1,1,1,1,10,1,0,0,322,183,86
,2019-12-16,15:56:59,b15,318,318,*,3,2.41988,0,1,1000,0,1,1,1,1,10,1,0,0,322,183,87
,2019-12-16,15:56:59,b15,322,318,,13,13.4093,1,1,10000,0,1,1,1,1,10,1,0,0,322,183,87
,2019-12-16,15:58:44,b16,174,127,,1,1.0433,1,1,50,0,1,1,1,1,10,1,0,0,137,261,125
,2019-12-16,15:58:44,b16,177,127,,2,1.07984,1,1,100,0,1,1,1,1,10,1,0,0,137,261,138
,2019-12-16,15:58:44,b16,152,127,,1,1.34391,1,1,500,0,1,1,1,1,10,1,0,0,137,261,174
,2019-12-16,15:58:44,b16,154,127,,2,1.77847,1,1,1000,0,1,1,1,1,10,1,0,0,137,261,179
,2019-12-16,15:58:44,b16,141,127,,7,7.75849,1,1,10000,0,1,1,1,1,10,1,0,0,137,261,193
,2019-12-16,15:58:44,b16,158,127,,2,1.03182,1,1,50,0,1,1,1,1,10,1,0,0,137,261,119
,2019-12-16,15:58:44,b16,148,127,,1,1.07666,1,1,100,0,1,1,1,1,10,1,0,0,137,261,143
,2019-12-16,15:58:44,b16,160,127,,1,1.37967,1,1,500,0,1,1,1,1,10,1,0,0,137,261,177
,2019-12-16,15:58:44,b16,145,127,,2,1.70557,1,1,1000,0,1,1,1,1,10,1,0,0,137,261,182
,2019-12-16,15:58:44,b16,127,127,*,7,7.52658,0,1,10000,0,1,1,1,1,10,1,0,0,137,261,195
,2019-12-16,15:58:44,b16,158,127,,1,1.04768,1,1,50,0,1,1,1,1,10,1,0,0,137,261,114
,2019-12-16,15:58:44,b16,145,127,,1,1.08424,1,1,100,0,1,1,1,1,10,1,0,0,137,261,146
,2019-12-16,15:58:44,b16,154,127,,2,1.39505,1,1,500,0,1,1,1,1,10,1,0,0,137,261,167
,2019-12-16,15:58:44,b16,177,127,,2,1.9163,1,1,1000,0,1,1,1,1,10,1,0,0,137,261,180
,2019-12-16,15:58:44,b16,150,127,,10,9.79418,1,1,10000,0,1,1,1,1,10,1,0,0,137,261,193
,2019-12-16,15:58:44,b16,157,127,,1,1.03245,1,1,50,0,1,1,1,1,10,1,0,0,137,261,136
,2019-12-16,15:58:44,b16,141,127,,1,1.07308,1,1,100,0,1,1,1,1,10,1,0,0,137,261,149
,2019-12-16,15:58:44,b16,151,127,,1,1.37658,1,1,500,0,1,1,1,1,10,1,0,0,137,261,168
,2019-12-16,15:58:44,b16,161,127,,2,1.83339,1,1,1000,0,1,1,1,1,10,1,0,0,137,261,180
,2019-12-16,15:58:44,b16,150,127,,11,11.0302,1,1,10000,0,1,1,1,1,10,1,0,0,137,261,195
,2019-12-16,15:58:44,b16,165,127,,1,1.02902,1,1,50,0,1,1,1,1,10,1,0,0,137,261,118
,2019-12-16,15:58:44,b16,164,127,,1,1.07421,1,1,100,0,1,1,1,1,10,1,0,0,137,261,147
,2019-12-16,15:58:44,b16,164,127,,2,1.39708,1,1,500,0,1,1,1,1,10,1,0,0,137,261,179
,2019-12-16,15:58:44,b16,132,127,,1,1.60818,1,1,1000,0,1,1,1,1,10,1,0,0,137,261,178
,2019-12-16,15:58:44,b16,138,127,,9,8.16774,1,1,10000,0,1,1,1,1,10,1,0,0,137,261,191
,2019-12-16,15:59:56,b17,132,131,,1,1.03792,1,1,50,0,1,1,1,1,10,1,0,0,133,257,84
,2019-12-16,15:59:56,b17,136,131,,1,1.08304,1,1,100,0,1,1,1,1,10,1,0,0,133,257,103
,2019-12-16,15:59:56,b17,132,131,,1,1.3611,1,1,500,0,1,1,1,1,10,1,0,0,133,257,130
,2019-12-16,15:59:56,b17,140,131,,2,1.74557,1,1,1000,0,1,1,1,1,10,1,0,0,133,257,142
,2019-12-16,15:59:56,b17,134,131,,9,9.24545,1,1,10000,0,1,1,1,1,10,1,0,0,133,257,165
,2019-12-16,15:59:56,b17,138,131,,1,1.03893,1,1,50,0,1,1,1,1,10,1,0,0,133,257,87
,2019-12-16,15:59:56,b17,131,131,*,1,1.07109,0,1,100,0,1,1,1,1,10,1,0,0,133,257,101
,2019-12-16,15:59:56,b17,133,131,,2,1.34232,1,1,500,0,1,1,1,1,10,1,0,0,133,257,129
,2019-12-16,15:59:56,b17,131,131,*,1,1.75199,0,1,1000,0,1,1,1,1,10,1,0,0,133,257,134
,2019-12-16,15:59:56,b17,144,131,,11,10.6843,1,1,10000,0,1,1,1,1,10,1,0,0,133,257,163
,2019-12-16,15:59:56,b17,132,131,,1,1.02553,1,1,50,0,1,1,1,1,10,1,0,0,133,257,94
,2019-12-16,15:59:56,b17,136,131,,1,1.08677,1,1,100,0,1,1,1,1,10,1,0,0,133,257,106
,2019-12-16,15:59:56,b17,131,131,*,2,1.35792,0,1,500,0,1,1,1,1,10,1,0,0,133,257,132
,2019-12-16,15:59:56,b17,138,131,,1,1.73674,1,1,1000,0,1,1,1,1,10,1,0,0,133,257,141
,2019-12-16,15:59:56,b17,148,131,,12,11.0809,1,1,10000,0,1,1,1,1,10,1,0,0,133,257,158
,2019-12-16,15:59:56,b17,133,131,,1,1.03854,1,1,50,0,1,1,1,1,10,1,0,0,133,257,98
,2019-12-16,15:59:56,b17,159,131,,1,1.08953,1,1,100,0,1,1,1,1,10,1,0,0,133,257,111
,2019-12-16,15:59:56,b17,137,131,,1,1.36444,1,1,500,0,1,1,1,1,10,1,0,0,133,257,132
,2019-12-16,15:59:56,b17,141,131,,2,1.74167,1,1,1000,0,1,1,1,1,10,1,0,0,133,257,148
,2019-12-16,15:59:56,b17,148,131,,11,11.4081,1,1,10000,0,1,1,1,1,10,1,0,0,133,257,165
,2019-12-16,15:59:56,b17,133,131,,2,1.02647,1,1,50,0,1,1,1,1,10,1,0,0,133,257,104
,2019-12-16,15:59:56,b17,144,131,,1,1.07044,1,1,100,0,1,1,1,1,10,1,0,0,133,257,105
,2019-12-16,15:59:56,b17,133,131,,1,1.35098,1,1,500,0,1,1,1,1,10,1,0,0,133,257,122
,2019-12-16,15:59:56,b17,138,131,,2,1.9923,1,1,1000,0,1,1,1,1,10,1,0,0,133,257,147
,2019-12-16,15:59:56,b17,142,131,,11,10.9856,1,1,10000,0,1,1,1,1,10,1,0,0,133,257,162
,2019-12-16,16:01:16,b18,234,218,,1,1.06884,1,1,50,0,1,1,1,1,10,1,0,0,226,282,135
,2019-12-16,16:01:16,b18,234,218,,1,1.12029,1,1,100,0,1,1,1,1,10,1,0,0,226,282,155
,2019-12-16,16:01:16,b18,246,218,,2,1.78854,1,1,500,0,1,1,1,1,10,1,0,0,226,282,174
,2019-12-16,16:01:16,b18,220,218,,3,2.56779,1,1,1000,0,1,1,1,1,10,1,0,0,226,282,177
,2019-12-16,16:01:16,b18,230,218,,14,13.6518,1,1,10000,0,1,1,1,1,10,1,0,0,226,282,187
,2019-12-16,16:01:16,b18,218,218,*,1,1.06951,0,1,50,0,1,1,1,1,10,1,0,0,226,282,148
,2019-12-16,16:01:16,b18,233,218,,1,1.19915,1,1,100,0,1,1,1,1,10,1,0,0,226,282,154
,2019-12-16,16:01:16,b18,237,218,,2,1.71761,1,1,500,0,1,1,1,1,10,1,0,0,226,282,174
,2019-12-16,16:01:16,b18,235,218,,2,2.50603,1,1,1000,0,1,1,1,1,10,1,0,0,226,282,179
,2019-12-16,16:01:16,b18,233,218,,17,16.7436,1,1,10000,0,1,1,1,1,10,1,0,0,226,282,189
,2019-12-16,16:01:16,b18,219,218,,1,1.07329,1,1,50,0,1,1,1,1,10,1,0,0,226,282,141
,2019-12-16,16:01:16,b18,251,218,,1,1.13348,1,1,100,0,1,1,1,1,10,1,0,0,226,282,161
,2019-12-16,16:01:16,b18,219,218,,2,1.62105,1,1,500,0,1,1,1,1,10,1,0,0,226,282,177
,2019-12-16,16:01:16,b18,225,218,,2,2.33943,1,1,1000,0,1,1,1,1,10,1,0,0,226,282,177
,2019-12-16,16:01:16,b18,228,218,,16,15.8804,1,1,10000,0,1,1,1,1,10,1,0,0,226,282,185
,2019-12-16,16:01:16,b18,219,218,,1,1.05886,1,1,50,0,1,1,1,1,10,1,0,0,226,282,128
,2019-12-16,16:01:16,b18,230,218,,1,1.14217,1,1,100,0,1,1,1,1,10,1,0,0,226,282,156
,2019-12-16,16:01:16,b18,224,218,,2,1.79064,1,1,500,0,1,1,1,1,10,1,0,0,226,282,178
,2019-12-16,16:01:16,b18,250,218,,3,2.68411,1,1,1000,0,1,1,1,1,10,1,0,0,226,282,178
,2019-12-16,16:01:16,b18,231,218,,17,17.3315,1,1,10000,0,1,1,1,1,10,1,0,0,226,282,186
,2019-12-16,16:01:16,b18,218,218,*,1,1.07155,0,1,50,0,1,1,1,1,10,1,0,0,226,282,142
,2019-12-16,16:01:16,b18,225,218,,2,1.15078,1,1,100,0,1,1,1,1,10,1,0,0,226,282,151
,2019-12-16,16:01:16,b18,239,218,,1,1.64874,1,1,500,0,1,1,1,1,10,1,0,0,226,282,176
,2019-12-16,16:01:16,b18,233,218,,3,2.3159,1,1,1000,0,1,1,1,1,10,1,0,0,226,282,179
,2019-12-16,16:01:16,b18,247,218,,18,18.2053,1,1,10000,0,1,1,1,1,10,1,0,0,226,282,184

###### TESTSET: C ######

,2019-12-16,16:03:11,c01,85,85,*,0,0.259012,0,1,50,0,1,1,1,1,10,1,0,0,88,421,30
,2019-12-16,16:03:11,c01,85,85,*,1,0.093726,0,1,100,0,1,1,1,1,10,1,0,0,88,421,34
,2019-12-16,16:03:11,c01,85,85,*,0,0.469839,0,1,500,0,1,1,1,1,10,1,0,0,88,421,44
,2019-12-16,16:03:11,c01,85,85,*,1,0.505937,0,1,1000,0,1,1,1,1,10,1,0,0,88,421,45
,2019-12-16,16:03:11,c01,85,85,*,3,3.21211,0,1,10000,0,1,1,1,1,10,1,0,0,88,421,58
,2019-12-16,16:03:11,c01,85,85,*,0,0.23394,0,1,50,0,1,1,1,1,10,1,0,0,88,421,29
,2019-12-16,16:03:11,c01,85,85,*,0,0.137401,0,1,100,0,1,1,1,1,10,1,0,0,88,421,33
,2019-12-16,16:03:11,c01,85,85,*,0,0.258116,0,1,500,0,1,1,1,1,10,1,0,0,88,421,44
,2019-12-16,16:03:11,c01,85,85,*,1,0.844187,0,1,1000,0,1,1,1,1,10,1,0,0,88,421,44
,2019-12-16,16:03:11,c01,85,85,*,4,3.96219,0,1,10000,0,1,1,1,1,10,1,0,0,88,421,57
,2019-12-16,16:03:11,c01,85,85,*,0,0.104531,0,1,50,0,1,1,1,1,10,1,0,0,88,421,32
,2019-12-16,16:03:11,c01,85,85,*,1,0.331912,0,1,100,0,1,1,1,1,10,1,0,0,88,421,30
,2019-12-16,16:03:11,c01,85,85,*,0,0.459958,0,1,500,0,1,1,1,1,10,1,0,0,88,421,45
,2019-12-16,16:03:11,c01,85,85,*,1,0.775288,0,1,1000,0,1,1,1,1,10,1,0,0,88,421,47
,2019-12-16,16:03:11,c01,85,85,*,4,3.53478,0,1,10000,0,1,1,1,1,10,1,0,0,88,421,60
,2019-12-16,16:03:11,c01,85,85,*,0,0.145695,0,1,50,0,1,1,1,1,10,1,0,0,88,421,31
,2019-12-16,16:03:11,c01,85,85,*,0,0.412471,0,1,100,0,1,1,1,1,10,1,0,0,88,421,37
,2019-12-16,16:03:11,c01,85,85,*,1,0.370001,0,1,500,0,1,1,1,1,10,1,0,0,88,421,39
,2019-12-16,16:03:11,c01,85,85,*,0,0.69578,0,1,1000,0,1,1,1,1,10,1,0,0,88,421,48
,2019-12-16,16:03:11,c01,85,85,*,4,3.78677,0,1,10000,0,1,1,1,1,10,1,0,0,88,421,56
,2019-12-16,16:03:11,c01,85,85,*,0,0.142787,0,1,50,0,1,1,1,1,10,1,0,0,88,421,28
,2019-12-16,16:03:11,c01,85,85,*,0,0.155028,0,1,100,0,1,1,1,1,10,1,0,0,88,421,29
,2019-12-16,16:03:11,c01,85,85,*,1,0.404169,0,1,500,0,1,1,1,1,10,1,0,0,88,421,48
,2019-12-16,16:03:11,c01,85,85,*,0,0.564578,0,1,1000,0,1,1,1,1,10,1,0,0,88,421,49
,2019-12-16,16:03:11,c01,85,85,*,5,4.59893,0,1,10000,0,1,1,1,1,10,1,0,0,88,421,58
,2019-12-16,16:03:39,c02,144,144,*,1,1.00689,0,1,50,0,1,1,1,1,10,1,0,0,144,399,94
,2019-12-16,16:03:39,c02,144,144,*,1,1.03257,0,1,100,0,1,1,1,1,10,1,0,0,144,399,109
,2019-12-16,16:03:39,c02,144,144,*,1,1.22893,0,1,500,0,1,1,1,1,10,1,0,0,144,399,128
,2019-12-16,16:03:39,c02,144,144,*,1,1.45066,0,1,1000,0,1,1,1,1,10,1,0,0,144,399,143
,2019-12-16,16:03:39,c02,144,144,*,7,6.15061,0,1,10000,0,1,1,1,1,10,1,0,0,144,399,182
,2019-12-16,16:03:39,c02,144,144,*,1,1.01486,0,1,50,0,1,1,1,1,10,1,0,0,144,399,85
,2019-12-16,16:03:39,c02,144,144,*,1,1.04232,0,1,100,0,1,1,1,1,10,1,0,0,144,399,95
,2019-12-16,16:03:39,c02,144,144,*,1,1.2362,0,1,500,0,1,1,1,1,10,1,0,0,144,399,134
,2019-12-16,16:03:39,c02,144,144,*,1,1.46208,0,1,1000,0,1,1,1,1,10,1,0,0,144,399,152
,2019-12-16,16:03:39,c02,144,144,*,7,6.13509,0,1,10000,0,1,1,1,1,10,1,0,0,144,399,184
,2019-12-16,16:03:39,c02,144,144,*,1,1.02063,0,1,50,0,1,1,1,1,10,1,0,0,144,399,90
,2019-12-16,16:03:39,c02,144,144,*,1,1.04328,0,1,100,0,1,1,1,1,10,1,0,0,144,399,108
,2019-12-16,16:03:39,c02,144,144,*,1,1.23348,0,1,500,0,1,1,1,1,10,1,0,0,144,399,134
,2019-12-16,16:03:39,c02,144,144,*,1,1.48004,0,1,1000,0,1,1,1,1,10,1,0,0,144,399,142
,2019-12-16,16:03:39,c02,144,144,*,6,5.97561,0,1,10000,0,1,1,1,1,10,1,0,0,144,399,183
,2019-12-16,16:03:39,c02,144,144,*,1,1.02336,0,1,50,0,1,1,1,1,10,1,0,0,144,399,90
,2019-12-16,16:03:39,c02,144,144,*,1,1.04055,0,1,100,0,1,1,1,1,10,1,0,0,144,399,108
,2019-12-16,16:03:39,c02,144,144,*,1,1.23081,0,1,500,0,1,1,1,1,10,1,0,0,144,399,135
,2019-12-16,16:03:39,c02,144,144,*,1,1.46229,0,1,1000,0,1,1,1,1,10,1,0,0,144,399,149
,2019-12-16,16:03:39,c02,144,144,*,6,6.10287,0,1,10000,0,1,1,1,1,10,1,0,0,144,399,185
,2019-12-16,16:03:39,c02,144,144,*,1,1.01868,0,1,50,0,1,1,1,1,10,1,0,0,144,399,97
,2019-12-16,16:03:39,c02,144,144,*,2,1.0403,0,1,100,0,1,1,1,1,10,1,0,0,144,399,101
,2019-12-16,16:03:39,c02,144,144,*,1,1.23697,0,1,500,0,1,1,1,1,10,1,0,0,144,399,134
,2019-12-16,16:03:39,c02,144,144,*,1,1.4803,0,1,1000,0,1,1,1,1,10,1,0,0,144,399,151
,2019-12-16,16:03:39,c02,144,144,*,6,5.88588,0,1,10000,0,1,1,1,1,10,1,0,0,144,399,170
,2019-12-16,16:04:34,c03,820,754,,1,1.25485,1,1,50,0,1,1,1,1,10,1,0,0,780,649,219
,2019-12-16,16:04:34,c03,801,754,,1,1.38602,1,1,100,0,1,1,1,1,10,1,0,0,780,649,278
,2019-12-16,16:04:34,c03,792,754,,4,3.19349,1,1,500,0,1,1,1,1,10,1,0,0,780,649,340
,2019-12-16,16:04:34,c03,853,754,,7,7.17925,1,1,1000,0,1,1,1,1,10,1,0,0,780,649,352
,2019-12-16,16:04:34,c03,807,754,,46,46.1077,1,1,10000,0,1,1,1,1,10,1,0,0,780,649,377
,2019-12-16,16:04:34,c03,805,754,,1,1.22603,1,1,50,0,1,1,1,1,10,1,0,0,780,649,219
,2019-12-16,16:04:34,c03,803,754,,2,1.46863,1,1,100,0,1,1,1,1,10,1,0,0,780,649,276
,2019-12-16,16:04:34,c03,802,754,,3,3.11681,1,1,500,0,1,1,1,1,10,1,0,0,780,649,349
,2019-12-16,16:04:34,c03,816,754,,5,5.16225,1,1,1000,0,1,1,1,1,10,1,0,0,780,649,350
,2019-12-16,16:04:34,c03,792,754,,47,46.2134,1,1,10000,0,1,1,1,1,10,1,0,0,780,649,378
,2019-12-16,16:04:34,c03,790,754,,1,1.21352,1,1,50,0,1,1,1,1,10,1,0,0,780,649,222
,2019-12-16,16:04:34,c03,808,754,,1,1.41262,1,1,100,0,1,1,1,1,10,1,0,0,780,649,264
,2019-12-16,16:04:34,c03,837,754,,4,3.35697,1,1,500,0,1,1,1,1,10,1,0,0,780,649,348
,2019-12-16,16:04:34,c03,804,754,,6,6.11753,1,1,1000,0,1,1,1,1,10,1,0,0,780,649,360
,2019-12-16,16:04:34,c03,795,754,,39,38.6482,1,1,10000,0,1,1,1,1,10,1,0,0,780,649,375
,2019-12-16,16:04:34,c03,825,754,,1,1.25021,1,1,50,0,1,1,1,1,10,1,0,0,780,649,235
,2019-12-16,16:04:34,c03,807,754,,1,1.45345,1,1,100,0,1,1,1,1,10,1,0,0,780,649,268
,2019-12-16,16:04:34,c03,821,754,,3,3.16003,1,1,500,0,1,1,1,1,10,1,0,0,780,649,348
,2019-12-16,16:04:34,c03,811,754,,6,5.38154,1,1,1000,0,1,1,1,1,10,1,0,0,780,649,352
,2019-12-16,16:04:34,c03,809,754,,43,43.0027,1,1,10000,0,1,1,1,1,10,1,0,0,780,649,378
,2019-12-16,16:04:34,c03,810,754,,1,1.20783,1,1,50,0,1,1,1,1,10,1,0,0,780,649,237
,2019-12-16,16:04:34,c03,849,754,,2,1.55876,1,1,100,0,1,1,1,1,10,1,0,0,780,649,288
,2019-12-16,16:04:34,c03,845,754,,3,3.56824,1,1,500,0,1,1,1,1,10,1,0,0,780,649,335
,2019-12-16,16:04:34,c03,829,754,,6,5.8946,1,1,1000,0,1,1,1,1,10,1,0,0,780,649,356
,2019-12-16,16:04:34,c03,821,754,,48,47.4188,1,1,10000,0,1,1,1,1,10,1,0,0,780,649,380
,2019-12-16,16:09:16,c04,1149,1079,,2,1.24414,1,1,50,0,1,1,1,1,10,1,0,0,1115,733,223
,2019-12-16,16:09:16,c04,1137,1079,,1,1.50637,1,1,100,0,1,1,1,1,10,1,0,0,1115,733,279
,2019-12-16,16:09:16,c04,1126,1079,,4,3.56278,1,1,500,0,1,1,1,1,10,1,0,0,1115,733,348
,2019-12-16,16:09:16,c04,1130,1079,,7,6.69395,1,1,1000,0,1,1,1,1,10,1,0,0,1115,733,351
,2019-12-16,16:09:16,c04,1149,1079,,67,67.1302,1,1,10000,0,1,1,1,1,10,1,0,0,1115,733,396
,2019-12-16,16:09:16,c04,1148,1079,,1,1.34722,1,1,50,0,1,1,1,1,10,1,0,0,1115,733,216
,2019-12-16,16:09:16,c04,1153,1079,,2,1.67781,1,1,100,0,1,1,1,1,10,1,0,0,1115,733,283
,2019-12-16,16:09:16,c04,1155,1079,,4,3.95214,1,1,500,0,1,1,1,1,10,1,0,0,1115,733,349
,2019-12-16,16:09:16,c04,1149,1079,,7,7.08498,1,1,1000,0,1,1,1,1,10,1,0,0,1115,733,361
,2019-12-16,16:09:16,c04,1179,1079,,67,66.6861,1,1,10000,0,1,1,1,1,10,1,0,0,1115,733,388
,2019-12-16,16:09:16,c04,1131,1079,,1,1.27629,1,1,50,0,1,1,1,1,10,1,0,0,1115,733,216
,2019-12-16,16:09:16,c04,1130,1079,,2,1.59313,1,1,100,0,1,1,1,1,10,1,0,0,1115,733,273
,2019-12-16,16:09:16,c04,1129,1079,,4,3.80052,1,1,500,0,1,1,1,1,10,1,0,0,1115,733,334
,2019-12-16,16:09:16,c04,1142,1079,,7,7.2608,1,1,1000,0,1,1,1,1,10,1,0,0,1115,733,360
,2019-12-16,16:09:16,c04,1107,1079,,53,52.1889,1,1,10000,0,1,1,1,1,10,1,0,0,1115,733,393
,2019-12-16,16:09:16,c04,1164,1079,,1,1.32627,1,1,50,0,1,1,1,1,10,1,0,0,1115,733,223
,2019-12-16,16:09:16,c04,1130,1079,,1,1.491,1,1,100,0,1,1,1,1,10,1,0,0,1115,733,273
,2019-12-16,16:09:16,c04,1159,1079,,5,4.3652,1,1,500,0,1,1,1,1,10,1,0,0,1115,733,346
,2019-12-16,16:09:16,c04,1127,1079,,6,6.15793,1,1,1000,0,1,1,1,1,10,1,0,0,1115,733,359
,2019-12-16,16:09:16,c04,1151,1079,,56,55.7447,1,1,10000,0,1,1,1,1,10,1,0,0,1115,733,389
,2019-12-16,16:09:16,c04,1163,1079,,1,1.33756,1,1,50,0,1,1,1,1,10,1,0,0,1115,733,227
,2019-12-16,16:09:16,c04,1157,1079,,2,1.6488,1,1,100,0,1,1,1,1,10,1,0,0,1115,733,276
,2019-12-16,16:09:16,c04,1140,1079,,4,3.9896,1,1,500,0,1,1,1,1,10,1,0,0,1115,733,333
,2019-12-16,16:09:16,c04,1131,1079,,7,6.46012,1,1,1000,0,1,1,1,1,10,1,0,0,1115,733,359
,2019-12-16,16:09:16,c04,1149,1079,,56,55.9119,1,1,10000,0,1,1,1,1,10,1,0,0,1115,733,396
,2019-12-16,16:15:24,c05,1625,1579,,2,1.48365,1,1,50,0,1,1,1,1,10,1,0,0,1603,912,203
,2019-12-16,16:15:24,c05,1627,1579,,2,1.92487,1,1,100,0,1,1,1,1,10,1,0,0,1603,912,263
,2019-12-16,16:15:24,c05,1625,1579,,5,5.47323,1,1,500,0,1,1,1,1,10,1,0,0,1603,912,347
,2019-12-16,16:15:24,c05,1625,1579,,12,12.0866,1,1,1000,0,1,1,1,1,10,1,0,0,1603,912,371
,2019-12-16,16:15:24,c05,1603,1579,,106,104.979,1,1,10000,0,1,1,1,1,10,1,0,0,1603,912,379
,2019-12-16,16:15:24,c05,1607,1579,,1,1.45364,1,1,50,0,1,1,1,1,10,1,0,0,1603,912,194
,2019-12-16,16:15:24,c05,1628,1579,,2,2.19606,1,1,100,0,1,1,1,1,10,1,0,0,1603,912,279
,2019-12-16,16:15:24,c05,1615,1579,,7,6.20562,1,1,500,0,1,1,1,1,10,1,0,0,1603,912,356
,2019-12-16,16:15:24,c05,1632,1579,,11,11.5005,1,1,1000,0,1,1,1,1,10,1,0,0,1603,912,362
,2019-12-16,16:15:24,c05,1623,1579,,97,96.2595,1,1,10000,0,1,1,1,1,10,1,0,0,1603,912,384
,2019-12-16,16:15:24,c05,1617,1579,,1,1.52458,1,1,50,0,1,1,1,1,10,1,0,0,1603,912,197
,2019-12-16,16:15:24,c05,1631,1579,,2,2.07115,1,1,100,0,1,1,1,1,10,1,0,0,1603,912,263
,2019-12-16,16:15:24,c05,1624,1579,,6,5.99822,1,1,500,0,1,1,1,1,10,1,0,0,1603,912,347
,2019-12-16,16:15:24,c05,1617,1579,,11,10.3662,1,1,1000,0,1,1,1,1,10,1,0,0,1603,912,363
,2019-12-16,16:15:24,c05,1625,1579,,101,100.955,1,1,10000,0,1,1,1,1,10,1,0,0,1603,912,382
,2019-12-16,16:15:24,c05,1626,1579,,1,1.43654,1,1,50,0,1,1,1,1,10,1,0,0,1603,912,196
,2019-12-16,16:15:24,c05,1633,1579,,3,2.10567,1,1,100,0,1,1,1,1,10,1,0,0,1603,912,259
,2019-12-16,16:15:24,c05,1630,1579,,6,6.34413,1,1,500,0,1,1,1,1,10,1,0,0,1603,912,348
,2019-12-16,16:15:24,c05,1601,1579,,10,9.7321,1,1,1000,0,1,1,1,1,10,1,0,0,1603,912,365
,2019-12-16,16:15:24,c05,1615,1579,,102,101.543,1,1,10000,0,1,1,1,1,10,1,0,0,1603,912,381
,2019-12-16,16:15:24,c05,1606,1579,,1,1.49147,1,1,50,0,1,1,1,1,10,1,0,0,1603,912,190
,2019-12-16,16:15:24,c05,1624,1579,,2,2.034,1,1,100,0,1,1,1,1,10,1,0,0,1603,912,264
,2019-12-16,16:15:24,c05,1604,1579,,6,5.54789,1,1,500,0,1,1,1,1,10,1,0,0,1603,912,358
,2019-12-16,16:15:24,c05,1620,1579,,11,11.384,1,1,1000,0,1,1,1,1,10,1,0,0,1603,912,368
,2019-12-16,16:15:24,c05,1622,1579,,102,101.83,1,1,10000,0,1,1,1,1,10,1,0,0,1603,912,380
,2019-12-16,16:25:35,c06,55,55,*,1,1.01572,0,1,50,0,1,1,1,1,10,1,0,0,60,1220,61
,2019-12-16,16:25:35,c06,55,55,*,1,1.04257,0,1,100,0,1,1,1,1,10,1,0,0,60,1220,98
,2019-12-16,16:25:35,c06,57,55,,1,1.22114,1,1,500,0,1,1,1,1,10,1,0,0,60,1220,158
,2019-12-16,16:25:35,c06,68,55,,1,1.43977,1,1,1000,0,1,1,1,1,10,1,0,0,60,1220,233
,2019-12-16,16:25:35,c06,64,55,,6,5.39341,1,1,10000,0,1,1,1,1,10,1,0,0,60,1220,328
,2019-12-16,16:25:35,c06,55,55,*,1,0.922002,0,1,50,0,1,1,1,1,10,1,0,0,60,1220,66
,2019-12-16,16:25:35,c06,83,55,,1,1.05064,1,1,100,0,1,1,1,1,10,1,0,0,60,1220,117
,2019-12-16,16:25:35,c06,56,55,,1,1.21277,1,1,500,0,1,1,1,1,10,1,0,0,60,1220,183
,2019-12-16,16:25:35,c06,57,55,,2,1.40464,1,1,1000,0,1,1,1,1,10,1,0,0,60,1220,180
,2019-12-16,16:25:35,c06,56,55,,5,5.26682,1,1,10000,0,1,1,1,1,10,1,0,0,60,1220,387
,2019-12-16,16:25:35,c06,56,55,,1,1.0225,1,1,50,0,1,1,1,1,10,1,0,0,60,1220,98
,2019-12-16,16:25:35,c06,56,55,,1,1.04828,1,1,100,0,1,1,1,1,10,1,0,0,60,1220,104
,2019-12-16,16:25:35,c06,59,55,,1,1.22391,1,1,500,0,1,1,1,1,10,1,0,0,60,1220,156
,2019-12-16,16:25:35,c06,57,55,,2,1.4901,1,1,1000,0,1,1,1,1,10,1,0,0,60,1220,244
,2019-12-16,16:25:35,c06,57,55,,6,6.5429,1,1,10000,0,1,1,1,1,10,1,0,0,60,1220,326
,2019-12-16,16:25:35,c06,55,55,*,1,1.02383,0,1,50,0,1,1,1,1,10,1,0,0,60,1220,89
,2019-12-16,16:25:35,c06,56,55,,1,1.04054,1,1,100,0,1,1,1,1,10,1,0,0,60,1220,109
,2019-12-16,16:25:35,c06,57,55,,2,1.20166,1,1,500,0,1,1,1,1,10,1,0,0,60,1220,179
,2019-12-16,16:25:35,c06,57,55,,1,1.45627,1,1,1000,0,1,1,1,1,10,1,0,0,60,1220,241
,2019-12-16,16:25:35,c06,65,55,,6,6.02318,1,1,10000,0,1,1,1,1,10,1,0,0,60,1220,394
,2019-12-16,16:25:35,c06,55,55,*,1,1.02354,0,1,50,0,1,1,1,1,10,1,0,0,60,1220,71
,2019-12-16,16:25:35,c06,55,55,*,1,1.03574,0,1,100,0,1,1,1,1,10,1,0,0,60,1220,91
,2019-12-16,16:25:35,c06,58,55,,1,1.24489,1,1,500,0,1,1,1,1,10,1,0,0,60,1220,174
,2019-12-16,16:25:35,c06,58,55,,2,1.41361,1,1,1000,0,1,1,1,1,10,1,0,0,60,1220,228
,2019-12-16,16:25:35,c06,69,55,,6,5.68695,1,1,10000,0,1,1,1,1,10,1,0,0,60,1220,354
,2019-12-16,16:26:28,c07,119,102,,1,1.02953,1,1,50,0,1,1,1,1,10,1,0,0,115,1259,109
,2019-12-16,16:26:28,c07,126,102,,1,1.06534,1,1,100,0,1,1,1,1,10,1,0,0,115,1259,175
,2019-12-16,16:26:28,c07,112,102,,1,1.39459,1,1,500,0,1,1,1,1,10,1,0,0,115,1259,299
,2019-12-16,16:26:28,c07,120,102,,2,1.83537,1,1,1000,0,1,1,1,1,10,1,0,0,115,1259,319
,2019-12-16,16:26:28,c07,120,102,,9,8.93455,1,1,10000,0,1,1,1,1,10,1,0,0,115,1259,511
,2019-12-16,16:26:28,c07,114,102,,1,1.03251,1,1,50,0,1,1,1,1,10,1,0,0,115,1259,111
,2019-12-16,16:26:28,c07,112,102,,1,1.06168,1,1,100,0,1,1,1,1,10,1,0,0,115,1259,132
,2019-12-16,16:26:28,c07,158,102,,2,1.44196,1,1,500,0,1,1,1,1,10,1,0,0,115,1259,323
,2019-12-16,16:26:28,c07,115,102,,2,1.66807,1,1,1000,0,1,1,1,1,10,1,0,0,115,1259,383
,2019-12-16,16:26:28,c07,127,102,,9,9.57925,1,1,10000,0,1,1,1,1,10,1,0,0,115,1259,511
,2019-12-16,16:26:28,c07,109,102,,1,1.02893,1,1,50,0,1,1,1,1,10,1,0,0,115,1259,130
,2019-12-16,16:26:28,c07,122,102,,1,1.05719,1,1,100,0,1,1,1,1,10,1,0,0,115,1259,157
,2019-12-16,16:26:28,c07,129,102,,2,1.39649,1,1,500,0,1,1,1,1,10,1,0,0,115,1259,260
,2019-12-16,16:26:28,c07,104,102,,1,1.55669,1,1,1000,0,1,1,1,1,10,1,0,0,115,1259,272
,2019-12-16,16:26:28,c07,111,102,,9,8.81979,1,1,10000,0,1,1,1,1,10,1,0,0,115,1259,461
,2019-12-16,16:26:28,c07,107,102,,1,1.03235,1,1,50,0,1,1,1,1,10,1,0,0,115,1259,102
,2019-12-16,16:26:28,c07,112,102,,1,1.08253,1,1,100,0,1,1,1,1,10,1,0,0,115,1259,165
,2019-12-16,16:26:28,c07,106,102,,2,1.32389,1,1,500,0,1,1,1,1,10,1,0,0,115,1259,230
,2019-12-16,16:26:28,c07,114,102,,1,1.67849,1,1,1000,0,1,1,1,1,10,1,0,0,115,1259,329
,2019-12-16,16:26:28,c07,118,102,,9,8.74552,1,1,10000,0,1,1,1,1,10,1,0,0,115,1259,555
,2019-12-16,16:26:28,c07,108,102,,1,1.02521,1,1,50,0,1,1,1,1,10,1,0,0,115,1259,116
,2019-12-16,16:26:28,c07,118,102,,1,1.05859,1,1,100,0,1,1,1,1,10,1,0,0,115,1259,138
,2019-12-16,16:26:28,c07,113,102,,2,1.30189,1,1,500,0,1,1,1,1,10,1,0,0,115,1259,252
,2019-12-16,16:26:28,c07,124,102,,1,1.78572,1,1,1000,0,1,1,1,1,10,1,0,0,115,1259,347
,2019-12-16,16:26:28,c07,112,102,,8,7.84773,1,1,10000,0,1,1,1,1,10,1,0,0,115,1259,489
,2019-12-16,16:27:39,c08,566,509,,1,1.27085,1,1,50,0,1,1,1,1,10,1,0,0,528,1332,372
,2019-12-16,16:27:39,c08,575,509,,2,1.59984,1,1,100,0,1,1,1,1,10,1,0,0,528,1332,501
,2019-12-16,16:27:39,c08,561,509,,4,3.81979,1,1,500,0,1,1,1,1,10,1,0,0,528,1332,771
,2019-12-16,16:27:39,c08,552,509,,6,6.40282,1,1,1000,0,1,1,1,1,10,1,0,0,528,1332,808
,2019-12-16,16:27:39,c08,561,509,,61,61.1259,1,1,10000,0,1,1,1,1,10,1,0,0,528,1332,941
,2019-12-16,16:27:39,c08,570,509,,2,1.29091,1,1,50,0,1,1,1,1,10,1,0,0,528,1332,375
,2019-12-16,16:27:39,c08,574,509,,1,1.66017,1,1,100,0,1,1,1,1,10,1,0,0,528,1332,523
,2019-12-16,16:27:39,c08,563,509,,4,3.62365,1,1,500,0,1,1,1,1,10,1,0,0,528,1332,758
,2019-12-16,16:27:39,c08,574,509,,6,6.17868,1,1,1000,0,1,1,1,1,10,1,0,0,528,1332,821
,2019-12-16,16:27:39,c08,560,509,,53,52.632,1,1,10000,0,1,1,1,1,10,1,0,0,528,1332,970
,2019-12-16,16:27:39,c08,543,509,,1,1.22714,1,1,50,0,1,1,1,1,10,1,0,0,528,1332,341
,2019-12-16,16:27:39,c08,586,509,,2,1.63696,1,1,100,0,1,1,1,1,10,1,0,0,528,1332,507
,2019-12-16,16:27:39,c08,565,509,,4,3.69818,1,1,500,0,1,1,1,1,10,1,0,0,528,1332,752
,2019-12-16,16:27:39,c08,557,509,,6,5.87716,1,1,1000,0,1,1,1,1,10,1,0,0,528,1332,813
,2019-12-16,16:27:39,c08,563,509,,54,54.4235,1,1,10000,0,1,1,1,1,10,1,0,0,528,1332,955
,2019-12-16,16:27:39,c08,536,509,,1,1.23341,1,1,50,0,1,1,1,1,10,1,0,0,528,1332,321
,2019-12-16,16:27:39,c08,540,509,,2,1.47568,1,1,100,0,1,1,1,1,10,1,0,0,528,1332,530
,2019-12-16,16:27:39,c08,570,509,,4,3.68944,1,1,500,0,1,1,1,1,10,1,0,0,528,1332,764
,2019-12-16,16:27:39,c08,579,509,,7,7.78856,1,1,1000,0,1,1,1,1,10,1,0,0,528,1332,820
,2019-12-16,16:27:39,c08,557,509,,53,52.6202,1,1,10000,0,1,1,1,1,10,1,0,0,528,1332,955
,2019-12-16,16:27:39,c08,578,509,,2,1.30763,1,1,50,0,1,1,1,1,10,1,0,0,528,1332,340
,2019-12-16,16:27:39,c08,551,509,,1,1.55749,1,1,100,0,1,1,1,1,10,1,0,0,528,1332,482
,2019-12-16,16:27:39,c08,595,509,,5,4.36484,1,1,500,0,1,1,1,1,10,1,0,0,528,1332,752
,2019-12-16,16:27:39,c08,550,509,,6,6.32901,1,1,1000,0,1,1,1,1,10,1,0,0,528,1332,804
,2019-12-16,16:27:39,c08,571,509,,53,52.8945,1,1,10000,0,1,1,1,1,10,1,0,0,528,1332,924
,2019-12-16,16:33:20,c09,754,707,,2,1.25791,1,1,50,0,1,1,1,1,10,1,0,0,728,1388,383
,2019-12-16,16:33:20,c09,756,707,,1,1.66157,1,1,100,0,1,1,1,1,10,1,0,0,728,1388,591
,2019-12-16,16:33:20,c09,759,707,,5,4.4689,1,1,500,0,1,1,1,1,10,1,0,0,728,1388,885
,2019-12-16,16:33:20,c09,761,707,,8,8.29405,1,1,1000,0,1,1,1,1,10,1,0,0,728,1388,940
,2019-12-16,16:33:20,c09,758,707,,71,70.0048,1,1,10000,0,1,1,1,1,10,1,0,0,728,1388,1054
,2019-12-16,16:33:20,c09,754,707,,1,1.33143,1,1,50,0,1,1,1,1,10,1,0,0,728,1388,395
,2019-12-16,16:33:20,c09,776,707,,2,1.65856,1,1,100,0,1,1,1,1,10,1,0,0,728,1388,582
,2019-12-16,16:33:20,c09,780,707,,4,4.72469,1,1,500,0,1,1,1,1,10,1,0,0,728,1388,849
,2019-12-16,16:33:20,c09,761,707,,8,7.75382,1,1,1000,0,1,1,1,1,10,1,0,0,728,1388,948
,2019-12-16,16:33:20,c09,811,707,,90,89.1134,1,1,10000,0,1,1,1,1,10,1,0,0,728,1388,1054
,2019-12-16,16:33:20,c09,774,707,,1,1.38267,1,1,50,0,1,1,1,1,10,1,0,0,728,1388,399
,2019-12-16,16:33:20,c09,766,707,,2,1.70102,1,1,100,0,1,1,1,1,10,1,0,0,728,1388,572
,2019-12-16,16:33:20,c09,731,707,,4,3.75585,1,1,500,0,1,1,1,1,10,1,0,0,728,1388,885
,2019-12-16,16:33:20,c09,764,707,,7,7.70803,1,1,1000,0,1,1,1,1,10,1,0,0,728,1388,933
,2019-12-16,16:33:20,c09,768,707,,72,71.0575,1,1,10000,0,1,1,1,1,10,1,0,0,728,1388,1061
,2019-12-16,16:33:20,c09,780,707,,1,1.36325,1,1,50,0,1,1,1,1,10,1,0,0,728,1388,426
,2019-12-16,16:33:20,c09,758,707,,2,1.64457,1,1,100,0,1,1,1,1,10,1,0,0,728,1388,573
,2019-12-16,16:33:20,c09,770,707,,5,5.19499,1,1,500,0,1,1,1,1,10,1,0,0,728,1388,865
,2019-12-16,16:33:20,c09,759,707,,8,7.45009,1,1,1000,0,1,1,1,1,10,1,0,0,728,1388,941
,2019-12-16,16:33:20,c09,737,707,,65,64.9869,1,1,10000,0,1,1,1,1,10,1,0,0,728,1388,1050
,2019-12-16,16:33:20,c09,756,707,,1,1.41228,1,1,50,0,1,1,1,1,10,1,0,0,728,1388,401
,2019-12-16,16:33:20,c09,812,707,,2,1.79496,1,1,100,0,1,1,1,1,10,1,0,0,728,1388,617
,2019-12-16,16:33:20,c09,751,707,,4,3.91503,1,1,500,0,1,1,1,1,10,1,0,0,728,1388,875
,2019-12-16,16:33:20,c09,759,707,,8,8.13813,1,1,1000,0,1,1,1,1,10,1,0,0,728,1388,945
,2019-12-16,16:33:20,c09,780,707,,73,73.0769,1,1,10000,0,1,1,1,1,10,1,0,0,728,1388,1056
,2019-12-16,16:40:48,c10,1133,1093,,1,1.4573,1,1,50,0,1,1,1,1,10,1,0,0,1127,1453,333
,2019-12-16,16:40:48,c10,1150,1093,,2,2.1307,1,1,100,0,1,1,1,1,10,1,0,0,1127,1453,536
,2019-12-16,16:40:48,c10,1146,1093,,7,6.6118,1,1,500,0,1,1,1,1,10,1,0,0,1127,1453,909
,2019-12-16,16:40:48,c10,1136,1093,,13,12.3805,1,1,1000,0,1,1,1,1,10,1,0,0,1127,1453,985
,2019-12-16,16:40:48,c10,1171,1093,,125,125.114,1,1,10000,0,1,1,1,1,10,1,0,0,1127,1453,1059
,2019-12-16,16:40:48,c10,1132,1093,,2,1.5433,1,1,50,0,1,1,1,1,10,1,0,0,1127,1453,329
,2019-12-16,16:40:48,c10,1146,1093,,2,2.07191,1,1,100,0,1,1,1,1,10,1,0,0,1127,1453,547
,2019-12-16,16:40:48,c10,1152,1093,,7,7.03337,1,1,500,0,1,1,1,1,10,1,0,0,1127,1453,924
,2019-12-16,16:40:48,c10,1150,1093,,14,14.092,1,1,1000,0,1,1,1,1,10,1,0,0,1127,1453,994
,2019-12-16,16:40:48,c10,1152,1093,,115,114.962,1,1,10000,0,1,1,1,1,10,1,0,0,1127,1453,1060
,2019-12-16,16:40:48,c10,1137,1093,,2,1.49174,1,1,50,0,1,1,1,1,10,1,0,0,1127,1453,341
,2019-12-16,16:40:48,c10,1154,1093,,2,2.01973,1,1,100,0,1,1,1,1,10,1,0,0,1127,1453,551
,2019-12-16,16:40:48,c10,1128,1093,,6,6.29203,1,1,500,0,1,1,1,1,10,1,0,0,1127,1453,920
,2019-12-16,16:40:48,c10,1147,1093,,13,12.5341,1,1,1000,0,1,1,1,1,10,1,0,0,1127,1453,978
,2019-12-16,16:40:48,c10,1144,1093,,129,128.641,1,1,10000,0,1,1,1,1,10,1,0,0,1127,1453,1057
,2019-12-16,16:40:48,c10,1152,1093,,1,1.47647,1,1,50,0,1,1,1,1,10,1,0,0,1127,1453,327
,2019-12-16,16:40:48,c10,1152,1093,,3,2.24821,1,1,100,0,1,1,1,1,10,1,0,0,1127,1453,579
,2019-12-16,16:40:48,c10,1165,1093,,6,6.74413,1,1,500,0,1,1,1,1,10,1,0,0,1127,1453,900
,2019-12-16,16:40:48,c10,1141,1093,,13,12.4752,1,1,1000,0,1,1,1,1,10,1,0,0,1127,1453,980
,2019-12-16,16:40:48,c10,1146,1093,,107,106.577,1,1,10000,0,1,1,1,1,10,1,0,0,1127,1453,1056
,2019-12-16,16:40:48,c10,1133,1093,,1,1.48409,1,1,50,0,1,1,1,1,10,1,0,0,1127,1453,350
,2019-12-16,16:40:48,c10,1159,1093,,3,2.15626,1,1,100,0,1,1,1,1,10,1,0,0,1127,1453,560
,2019-12-16,16:40:48,c10,1155,1093,,7,7.1128,1,1,500,0,1,1,1,1,10,1,0,0,1127,1453,916
,2019-12-16,16:40:48,c10,1121,1093,,10,10.4947,1,1,1000,0,1,1,1,1,10,1,0,0,1127,1453,988
,2019-12-16,16:40:48,c10,1146,1093,,116,115.195,1,1,10000,0,1,1,1,1,10,1,0,0,1127,1453,1052
,2019-12-16,16:52:35,c11,37,32,,1,1.02446,1,1,50,0,1,1,1,1,10,1,0,0,35,2683,131
,2019-12-16,16:52:35,c11,35,32,,1,1.04635,1,1,100,0,1,1,1,1,10,1,0,0,35,2683,148
,2019-12-16,16:52:35,c11,33,32,,2,1.24037,1,1,500,0,1,1,1,1,10,1,0,0,35,2683,262
,2019-12-16,16:52:35,c11,32,32,*,1,1.44656,0,1,1000,0,1,1,1,1,10,1,0,0,35,2683,261
,2019-12-16,16:52:35,c11,43,32,,8,7.77471,1,1,10000,0,1,1,1,1,10,1,0,0,35,2683,510
,2019-12-16,16:52:35,c11,33,32,,1,1.02154,1,1,50,0,1,1,1,1,10,1,0,0,35,2683,106
,2019-12-16,16:52:35,c11,33,32,,1,1.04137,1,1,100,0,1,1,1,1,10,1,0,0,35,2683,144
,2019-12-16,16:52:35,c11,43,32,,1,1.24975,1,1,500,0,1,1,1,1,10,1,0,0,35,2683,298
,2019-12-16,16:52:35,c11,34,32,,2,1.47275,1,1,1000,0,1,1,1,1,10,1,0,0,35,2683,316
,2019-12-16,16:52:35,c11,34,32,,7,6.8412,1,1,10000,0,1,1,1,1,10,1,0,0,35,2683,506
,2019-12-16,16:52:35,c11,34,32,,1,1.02655,1,1,50,0,1,1,1,1,10,1,0,0,35,2683,115
,2019-12-16,16:52:35,c11,33,32,,1,1.04602,1,1,100,0,1,1,1,1,10,1,0,0,35,2683,157
,2019-12-16,16:52:35,c11,43,32,,1,1.27602,1,1,500,0,1,1,1,1,10,1,0,0,35,2683,234
,2019-12-16,16:52:35,c11,43,32,,2,1.56032,1,1,1000,0,1,1,1,1,10,1,0,0,35,2683,281
,2019-12-16,16:52:35,c11,39,32,,7,7.41894,1,1,10000,0,1,1,1,1,10,1,0,0,35,2683,568
,2019-12-16,16:52:35,c11,32,32,*,1,1.01995,0,1,50,0,1,1,1,1,10,1,0,0,35,2683,100
,2019-12-16,16:52:35,c11,34,32,,1,1.05269,1,1,100,0,1,1,1,1,10,1,0,0,35,2683,142
,2019-12-16,16:52:35,c11,38,32,,1,1.27001,1,1,500,0,1,1,1,1,10,1,0,0,35,2683,261
,2019-12-16,16:52:35,c11,36,32,,2,1.4424,1,1,1000,0,1,1,1,1,10,1,0,0,35,2683,236
,2019-12-16,16:52:35,c11,36,32,,6,6.18663,1,1,10000,0,1,1,1,1,10,1,0,0,35,2683,406
,2019-12-16,16:52:35,c11,34,32,,1,1.02083,1,1,50,0,1,1,1,1,10,1,0,0,35,2683,114
,2019-12-16,16:52:35,c11,35,32,,1,1.04458,1,1,100,0,1,1,1,1,10,1,0,0,35,2683,114
,2019-12-16,16:52:35,c11,43,32,,1,1.28305,1,1,500,0,1,1,1,1,10,1,0,0,35,2683,279
,2019-12-16,16:52:35,c11,38,32,,2,1.54539,1,1,1000,0,1,1,1,1,10,1,0,0,35,2683,318
,2019-12-16,16:52:35,c11,36,32,,7,6.69193,1,1,10000,0,1,1,1,1,10,1,0,0,35,2683,494
,2019-12-16,16:53:35,c12,52,46,,1,1.04417,1,1,50,0,1,1,1,1,10,1,0,0,49,2738,160
,2019-12-16,16:53:35,c12,62,46,,1,1.08483,1,1,100,0,1,1,1,1,10,1,0,0,49,2738,229
,2019-12-16,16:53:35,c12,54,46,,2,1.48747,1,1,500,0,1,1,1,1,10,1,0,0,49,2738,410
,2019-12-16,16:53:35,c12,55,46,,2,1.95704,1,1,1000,0,1,1,1,1,10,1,0,0,49,2738,541
,2019-12-16,16:53:35,c12,50,46,,11,11.5878,1,1,10000,0,1,1,1,1,10,1,0,0,49,2738,893
,2019-12-16,16:53:35,c12,54,46,,1,1.03944,1,1,50,0,1,1,1,1,10,1,0,0,49,2738,176
,2019-12-16,16:53:35,c12,64,46,,1,1.08919,1,1,100,0,1,1,1,1,10,1,0,0,49,2738,231
,2019-12-16,16:53:35,c12,58,46,,1,1.44786,1,1,500,0,1,1,1,1,10,1,0,0,49,2738,408
,2019-12-16,16:53:35,c12,56,46,,2,1.88776,1,1,1000,0,1,1,1,1,10,1,0,0,49,2738,472
,2019-12-16,16:53:35,c12,75,46,,13,13.3577,1,1,10000,0,1,1,1,1,10,1,0,0,49,2738,1051
,2019-12-16,16:53:35,c12,48,46,,1,1.04036,1,1,50,0,1,1,1,1,10,1,0,0,49,2738,151
,2019-12-16,16:53:35,c12,49,46,,2,1.08041,1,1,100,0,1,1,1,1,10,1,0,0,49,2738,247
,2019-12-16,16:53:35,c12,49,46,,1,1.46695,1,1,500,0,1,1,1,1,10,1,0,0,49,2738,446
,2019-12-16,16:53:35,c12,51,46,,2,2.00316,1,1,1000,0,1,1,1,1,10,1,0,0,49,2738,571
,2019-12-16,16:53:35,c12,47,46,,13,12.6652,1,1,10000,0,1,1,1,1,10,1,0,0,49,2738,932
,2019-12-16,16:53:35,c12,51,46,,1,1.04689,1,1,50,0,1,1,1,1,10,1,0,0,49,2738,155
,2019-12-16,16:53:35,c12,60,46,,1,1.08661,1,1,100,0,1,1,1,1,10,1,0,0,49,2738,212
,2019-12-16,16:53:35,c12,50,46,,1,1.43336,1,1,500,0,1,1,1,1,10,1,0,0,49,2738,400
,2019-12-16,16:53:35,c12,59,46,,2,1.86764,1,1,1000,0,1,1,1,1,10,1,0,0,49,2738,594
,2019-12-16,16:53:35,c12,59,46,,12,12.1026,1,1,10000,0,1,1,1,1,10,1,0,0,49,2738,831
,2019-12-16,16:53:35,c12,62,46,,2,1.04407,1,1,50,0,1,1,1,1,10,1,0,0,49,2738,205
,2019-12-16,16:53:35,c12,51,46,,1,1.09075,1,1,100,0,1,1,1,1,10,1,0,0,49,2738,232
,2019-12-16,16:53:35,c12,55,46,,1,1.53016,1,1,500,0,1,1,1,1,10,1,0,0,49,2738,433
,2019-12-16,16:53:35,c12,56,46,,2,1.90935,1,1,1000,0,1,1,1,1,10,1,0,0,49,2738,470
,2019-12-16,16:53:35,c12,48,46,,12,12.3101,1,1,10000,0,1,1,1,1,10,1,0,0,49,2738,828
,2019-12-16,16:55:06,c13,292,258,,1,1.26634,1,1,50,0,1,1,1,1,10,1,0,0,276,2708,469
,2019-12-16,16:55:06,c13,305,258,,2,1.5644,1,1,100,0,1,1,1,1,10,1,0,0,276,2708,687
,2019-12-16,16:55:06,c13,307,258,,3,3.56641,1,1,500,0,1,1,1,1,10,1,0,0,276,2708,1216
,2019-12-16,16:55:06,c13,309,258,,8,7.20669,1,1,1000,0,1,1,1,1,10,1,0,0,276,2708,1355
,2019-12-16,16:55:06,c13,304,258,,65,65.2449,1,1,10000,0,1,1,1,1,10,1,0,0,276,2708,1644
,2019-12-16,16:55:06,c13,304,258,,1,1.26553,1,1,50,0,1,1,1,1,10,1,0,0,276,2708,449
,2019-12-16,16:55:06,c13,299,258,,2,1.50709,1,1,100,0,1,1,1,1,10,1,0,0,276,2708,659
,2019-12-16,16:55:06,c13,304,258,,4,3.63564,1,1,500,0,1,1,1,1,10,1,0,0,276,2708,1185
,2019-12-16,16:55:06,c13,292,258,,6,6.54688,1,1,1000,0,1,1,1,1,10,1,0,0,276,2708,1348
,2019-12-16,16:55:06,c13,296,258,,56,56.1162,1,1,10000,0,1,1,1,1,10,1,0,0,276,2708,1643
,2019-12-16,16:55:06,c13,298,258,,2,1.26437,1,1,50,0,1,1,1,1,10,1,0,0,276,2708,405
,2019-12-16,16:55:06,c13,283,258,,1,1.46257,1,1,100,0,1,1,1,1,10,1,0,0,276,2708,659
,2019-12-16,16:55:06,c13,285,258,,4,3.45526,1,1,500,0,1,1,1,1,10,1,0,0,276,2708,1197
,2019-12-16,16:55:06,c13,303,258,,7,7.1808,1,1,1000,0,1,1,1,1,10,1,0,0,276,2708,1333
,2019-12-16,16:55:06,c13,298,258,,63,62.5307,1,1,10000,0,1,1,1,1,10,1,0,0,276,2708,1672
,2019-12-16,16:55:06,c13,305,258,,1,1.2974,1,1,50,0,1,1,1,1,10,1,0,0,276,2708,428
,2019-12-16,16:55:06,c13,290,258,,1,1.45797,1,1,100,0,1,1,1,1,10,1,0,0,276,2708,681
,2019-12-16,16:55:06,c13,309,258,,4,3.9584,1,1,500,0,1,1,1,1,10,1,0,0,276,2708,1143
,2019-12-16,16:55:06,c13,303,258,,6,5.74299,1,1,1000,0,1,1,1,1,10,1,0,0,276,2708,1312
,2019-12-16,16:55:06,c13,303,258,,63,62.6013,1,1,10000,0,1,1,1,1,10,1,0,0,276,2708,1637
,2019-12-16,16:55:06,c13,293,258,,1,1.23466,1,1,50,0,1,1,1,1,10,1,0,0,276,2708,435
,2019-12-16,16:55:06,c13,308,258,,2,1.58912,1,1,100,0,1,1,1,1,10,1,0,0,276,2708,655
,2019-12-16,16:55:06,c13,298,258,,3,3.48814,1,1,500,0,1,1,1,1,10,1,0,0,276,2708,1164
,2019-12-16,16:55:06,c13,293,258,,7,6.18101,1,1,1000,0,1,1,1,1,10,1,0,0,276,2708,1305
,2019-12-16,16:55:06,c13,304,258,,56,56.5113,1,1,10000,0,1,1,1,1,10,1,0,0,276,2708,1606
,2019-12-16,17:01:16,c14,349,323,,1,1.27754,1,1,50,0,1,1,1,1,10,1,0,0,337,2695,437
,2019-12-16,17:01:16,c14,348,323,,2,1.64504,1,1,100,0,1,1,1,1,10,1,0,0,337,2695,666
,2019-12-16,17:01:16,c14,355,323,,4,4.38088,1,1,500,0,1,1,1,1,10,1,0,0,337,2695,1218
,2019-12-16,17:01:16,c14,351,323,,8,8.15246,1,1,1000,0,1,1,1,1,10,1,0,0,337,2695,1388
,2019-12-16,17:01:16,c14,356,323,,73,72.5581,1,1,10000,0,1,1,1,1,10,1,0,0,337,2695,1685
,2019-12-16,17:01:16,c14,352,323,,1,1.35336,1,1,50,0,1,1,1,1,10,1,0,0,337,2695,429
,2019-12-16,17:01:16,c14,348,323,,2,1.64294,1,1,100,0,1,1,1,1,10,1,0,0,337,2695,649
,2019-12-16,17:01:16,c14,364,323,,5,5.02733,1,1,500,0,1,1,1,1,10,1,0,0,337,2695,1225
,2019-12-16,17:01:16,c14,345,323,,7,7.17576,1,1,1000,0,1,1,1,1,10,1,0,0,337,2695,1394
,2019-12-16,17:01:16,c14,352,323,,70,69.807,1,1,10000,0,1,1,1,1,10,1,0,0,337,2695,1681
,2019-12-16,17:01:16,c14,360,323,,2,1.35812,1,1,50,0,1,1,1,1,10,1,0,0,337,2695,431
,2019-12-16,17:01:16,c14,369,323,,1,1.76299,1,1,100,0,1,1,1,1,10,1,0,0,337,2695,660
,2019-12-16,17:01:16,c14,352,323,,5,4.71957,1,1,500,0,1,1,1,1,10,1,0,0,337,2695,1231
,2019-12-16,17:01:16,c14,357,323,,8,8.1497,1,1,1000,0,1,1,1,1,10,1,0,0,337,2695,1420
,2019-12-16,17:01:16,c14,353,323,,71,70.6386,1,1,10000,0,1,1,1,1,10,1,0,0,337,2695,1706
,2019-12-16,17:01:16,c14,354,323,,2,1.32822,1,1,50,0,1,1,1,1,10,1,0,0,337,2695,381
,2019-12-16,17:01:16,c14,363,323,,1,1.72602,1,1,100,0,1,1,1,1,10,1,0,0,337,2695,651
,2019-12-16,17:01:16,c14,343,323,,4,4.11221,1,1,500,0,1,1,1,1,10,1,0,0,337,2695,1187
,2019-12-16,17:01:16,c14,366,323,,10,9.44663,1,1,1000,0,1,1,1,1,10,1,0,0,337,2695,1386
,2019-12-16,17:01:16,c14,357,323,,75,74.9211,1,1,10000,0,1,1,1,1,10,1,0,0,337,2695,1683
,2019-12-16,17:01:16,c14,359,323,,1,1.33974,1,1,50,0,1,1,1,1,10,1,0,0,337,2695,425
,2019-12-16,17:01:16,c14,377,323,,2,1.884,1,1,100,0,1,1,1,1,10,1,0,0,337,2695,631
,2019-12-16,17:01:16,c14,361,323,,5,4.67595,1,1,500,0,1,1,1,1,10,1,0,0,337,2695,1203
,2019-12-16,17:01:16,c14,349,323,,8,7.61634,1,1,1000,0,1,1,1,1,10,1,0,0,337,2695,1404
,2019-12-16,17:01:16,c14,360,323,,71,71.5483,1,1,10000,0,1,1,1,1,10,1,0,0,337,2695,1700
,2019-12-16,17:08:36,c15,585,556,,1,1.32313,1,1,50,0,1,1,1,1,10,1,0,0,567,2674,426
,2019-12-16,17:08:36,c15,582,556,,2,1.67625,1,1,100,0,1,1,1,1,10,1,0,0,567,2674,698
,2019-12-16,17:08:36,c15,577,556,,4,4.287,1,1,500,0,1,1,1,1,10,1,0,0,567,2674,1416
,2019-12-16,17:08:36,c15,601,556,,8,8.01732,1,1,1000,0,1,1,1,1,10,1,0,0,567,2674,1656
,2019-12-16,17:08:36,c15,592,556,,76,75.5689,1,1,10000,0,1,1,1,1,10,1,0,0,567,2674,2025
,2019-12-16,17:08:36,c15,580,556,,1,1.31755,1,1,50,0,1,1,1,1,10,1,0,0,567,2674,418
,2019-12-16,17:08:36,c15,594,556,,2,1.68112,1,1,100,0,1,1,1,1,10,1,0,0,567,2674,748
,2019-12-16,17:08:36,c15,571,556,,4,4.26401,1,1,500,0,1,1,1,1,10,1,0,0,567,2674,1417
,2019-12-16,17:08:36,c15,581,556,,8,8.00149,1,1,1000,0,1,1,1,1,10,1,0,0,567,2674,1651
,2019-12-16,17:08:36,c15,574,556,,71,69.8232,1,1,10000,0,1,1,1,1,10,1,0,0,567,2674,2028
,2019-12-16,17:08:36,c15,591,556,,1,1.33908,1,1,50,0,1,1,1,1,10,1,0,0,567,2674,425
,2019-12-16,17:08:36,c15,589,556,,2,1.71675,1,1,100,0,1,1,1,1,10,1,0,0,567,2674,718
,2019-12-16,17:08:36,c15,584,556,,4,4.43686,1,1,500,0,1,1,1,1,10,1,0,0,567,2674,1435
,2019-12-16,17:08:36,c15,604,556,,8,7.49896,1,1,1000,0,1,1,1,1,10,1,0,0,567,2674,1630
